date,rd,rf,bd,bf,s_red,s_blue
30-01-2024,Vito,Alessandro,Simone,Rainer,8,10
30-01-2024,Rainer,Simone,Alessandro,Vito,10,7
30-01-2024,Rainer,Vito,Simone,Sina,13,11
30-01-2024,Vito,Alessandro,Simone,Rainer,11,9
31-01-2024,Rainer,Simone,Alessandro,Vito,10,8
31-01-2024,Vito,Alessandro,Simone,Rainer,10,7
31-01-2024,Rainer,Simone,Vito,Alessandro,10,6
01-02-2024,Simone,Peter K,Vito,Alessandro,4,10
01-02-2024,Rainer,Vito,Alessandro,Sebastian,10,8
01-02-2024,Sebastian,Alessandro,Vito,Rainer,8,10
02-02-2024,Alessandro,Rainer,Vito,Simone,4,10
02-02-2024,Simone,Vito,Rainer,Alessandro,10,8
02-02-2024,Sebastian,Alessandro,Simone,Joshua,7,10
02-02-2024,Joshua,Simone,Alessandro,Sebastian,10,8
02-02-2024,Joshua,Vito,Alessandro,Simone,0,10
02-02-2024,Simone,Alessandro,Vito,Joshua,6,10
02-02-2024,Vito,Joshua,Alessandro,Simone,7,10
05-02-2024,Vito,Alessandro,Simone,Sebastian,10,0
05-02-2024,Sebastian,Simone,Alessandro,Vito,5,10
07-02-2024,Simone,XiangNan,Jan F,Alessandro,12,10
07-02-2024,Simone,XiangNan,Vito,Alessandro,6,10
07-02-2024,Giulio,Simone,Alessandro,Vito,8,10
07-02-2024,Vito,Alessandro,Simone,Giulio,10,4
08-02-2024,Alessandro,Sebastian,Vito,Simone,5,10
08-02-2024,Joshua,Sebastian,Giulio,Alessandro,4,10
08-02-2024,Vito,Simone,Giulio,Alessandro,10,1
08-02-2024,Vito,Sebastian,Simone,Joshua,10,4
08-02-2024,Alessandro,Giulio,Joshua,Simone,6,10
09-02-2024,Vito,Alessandro,Giulio,Simone,7,10
09-02-2024,Alessandro,Joshua,Giulio,Simone,12,10
12-02-2024,Alessandro,Vito,Giulio,Simone,10,5
12-02-2024,Simone,Giulio,Vito,Alessandro,4,10
12-02-2024,Alessandro,Vito,Simone,Sebastian,10,6
12-02-2024,Sebastian,Simone,Vito,Alessandro,4,10
12-02-2024,Vito,Sebastian,Giulio,Alessandro,10,3
13-02-2024,Alessandro,Joshua,Giulio,Simone,4,10
13-02-2024,Simone,Giulio,Joshua,Alessandro,11,9
13-02-2024,Vito,Alessandro,Joshua,Simone,10,3
13-02-2024,Simone,Joshua,Alessandro,Vito,10,5
13-02-2024,Vito,Alessandro,Simone,Joshua,10,4
13-02-2024,Rainer,Sebastian,Giulio,Simone,6,10
13-02-2024,Vito,Alessandro,Joshua,Mauritz,10,1
13-02-2024,Mauritz,Joshua,Rainer,Sebastian,8,10
13-02-2024,Vito,Alessandro,Giulio,Simone,10,6
13-02-2024,Joshua,Mauritz,Rainer,Sebastian,10,5
14-02-2024,Vito,Simone,Alessandro,Mauritz,10,4
14-02-2024,Mauritz,Alessandro,Simone,Vito,6,10
14-02-2024,Mauritz,Simone,Vito,Alessandro,2,10
15-02-2024,Simone,Niraj,Vito,Alessandro,3,10
15-02-2024,Simone,Sebastian,Vito,Alessandro,8,10
15-02-2024,Alessandro,Vito,Sebastian,Simone,10,5
15-02-2024,Sebastian,Miroslav,Joshua,Vito,2,10
15-02-2024,Simone,Mauritz,Rainer,Alessandro,10,2
15-02-2024,Simone,Mauritz,Vito,Joshua,10,5
15-02-2024,Rainer,Alessandro,Mauritz,Simone,6,10
16-02-2024,Simone,Joshua,Giulio,Mauritz,10,4
16-02-2024,Giulio,Simone,Alessandro,Joshua,10,3
16-02-2024,Joshua,Alessandro,Simone,Giulio,8,10
16-02-2024,Rainer,Sebastian,Giulio,Simone,7,10
16-02-2024,Giulio,Mauritz,Rainer,Sebastian,10,8
19-02-2024,Giulio,Vito,Simone,Joshua,4,10
19-02-2024,Joshua,Simone,Vito,Giulio,10,5
19-02-2024,Rainer,Sebastian,Simone,Joshua,7,10
19-02-2024,Vito,Sebastian,Rainer,Joshua,10,4
19-02-2024,Joshua,Rainer,Sebastian,Vito,2,10
20-02-2024,Joshua,Simone,Alessandro,Jan F,10,7
20-02-2024,Joshua,Simone,Alessandro,Vito,6,10
20-02-2024,Vito,Alessandro,Simone,Joshua,11,9
20-02-2024,Vito,Joshua,Giulio,Simone,10,8
20-02-2024,Joshua,Alessandro,Mauritz,Sebastian,7,10
21-02-2024,Joshua,Simone,DiBona,Alessandro,6,10
21-02-2024,Alessandro,DiBona,Simone,Joshua,10,5
21-02-2024,DiBona,Alessandro,Vito,Simone,10,7
21-02-2024,Simone,Vito,Alessandro,DiBona,9,11
21-02-2024,Alessandro,Simone,Giordano,DiBona,10,5
21-02-2024,DiBona,Giordano,Simone,Alessandro,1,10
21-02-2024,Simone,DiBona,Alessandro,Joshua,10,5
21-02-2024,Joshua,Alessandro,DiBona,Simone,10,8
21-02-2024,Alessandro,Filippo,DiBona,Simone,3,10
21-02-2024,Simone,DiBona,Filippo,Alessandro,10,2
22-02-2024,Lavinia,Simone,Emanuele,Edoardo,10,4
22-02-2024,Edoardo,Emanuele,Simone,Lavinia,7,10
22-02-2024,Vito,Emanuele,Alessandro,Mauritz,5,10
22-02-2024,Lavinia,Simone,Alessandro,Mauritz,7,10
22-02-2024,Vito,Matteo,Alessandro,Filippo,8,10
22-02-2024,Vito,Matteo,Giordano,Giambattista,10,6
22-02-2024,DiBona,Mauritz,Lavinia,Simone,10,6
22-02-2024,Lavinia,Simone,Mauritz,DiBona,10,12
22-02-2024,Giulio,Simone,Alessandro,DiBona,3,10
22-02-2024,Lavinia,DiBona,Alessandro,Mauritz,9,11
22-02-2024,DiBona,Filippo,Lavinia,Mauritz,12,10
23-02-2024,Simone,Emanuele,Giulio,Vito,10,4
23-02-2024,Simone,Emanuele,Edoardo,Matteo,10,8
23-02-2024,Simone,Edoardo,Vito,Matteo,2,10
23-02-2024,Emanuele,Edoardo,Giulio,Simone,4,10
23-02-2024,Lavinia,Alessandro,Simone,Giulio,10,2
23-02-2024,Lavinia,Alessandro,Giordano,Valeria,10,5
23-02-2024,Lavinia,Alessandro,Giulio I,Giambattista,10,4
23-02-2024,Edoardo,DiBona,Simone,Emanuele,9,11
23-02-2024,Emanuele,Simone,DiBona,Edoardo,13,11
26-02-2024,Samuel,Simone,Vito,Joshua,5,10
26-02-2024,Lavinia,Alessandro,Joshua,Vito,10,6
26-02-2024,Lavinia,Alessandro,Vito,Simone,5,10
26-02-2024,Alessandro,Joshua,Lavinia,Simone,5,10
26-02-2024,Vito,Sebastian,Rainer,Simone,5,10
26-02-2024,Joshua,Alessandro,Rainer,Simone,6,10
26-02-2024,Giulio,Simone,Alessandro,Joshua,11,9
27-02-2024,Simone,Joshua,Vito,Sebastian,10,4
27-02-2024,Giulio,Alessandro,Joshua,Simone,4,10
27-02-2024,Simone,Joshua,Alessandro,Giulio,7,10
27-02-2024,Simone,Giulio,Joshua,Alessandro,9,11
27-02-2024,Alessandro,Joshua,Giulio,Simone,11,13
28-02-2024,Joshua,Alessandro,Simone,Vito,4,10
28-02-2024,Vito,Simone,Alessandro,Joshua,10,1
28-02-2024,Vito,Simone,Andras,Joshua,10,6
28-02-2024,Giulio,Simone,Rainer,Sebastian,10,7
28-02-2024,Giulio,Simone,Vito,Alessandro,7,10
28-02-2024,Rainer,Sebastian,Alessandro,Vito,18,20
29-02-2024,Vito,Mauritz,Giulio,Simone,10,2
29-02-2024,Giulio,Mauritz,Alessandro,Simone,1,10
29-02-2024,Vito,Giulio,Alessandro,Simone,12,14
29-02-2024,Rainer,Mauritz,Alessandro,Sebastian,12,10
29-02-2024,Rainer,Mauritz,Irene,Simone,11,9
29-02-2024,Simone,Irene,Vito,Alessandro,8,10
01-03-2024,Leonardo,Simone,Alessandro,Mauritz,9,11
01-03-2024,Alessandro,Simone,Vito,Giulio,10,2
01-03-2024,Simone,Giacomo,Vito,Giulio,10,1
01-03-2024,Rainer,Alessandro,Vito,Irene,10,7
01-03-2024,Irene,Vito,Rainer,Giulio,10,7
01-03-2024,Irene,Mauritz,Simone,Giulio,13,11
01-03-2024,Simone,Giulio,Giacomo,Vito,10,8
04-03-2024,Leonardo,Simone,Giulio,Vito,10,5
04-03-2024,Simone,Leonardo,Giulio,Giacomo,10,2
04-03-2024,Vito,Giulio,Leonardo,Giacomo,10,8
04-03-2024,Giulio,Simone,Leonardo,Giacomo,10,7
04-03-2024,Giacomo,Leonardo,Simone,Giulio,10,8
04-03-2024,Giulio,Simone,Giacomo,Leonardo,4,10
05-03-2024,Alessandro,Leonardo,Giacomo,Simone,5,10
05-03-2024,Vito,Giulio,Simone,Giacomo,10,8
05-03-2024,Giacomo,Simone,Giulio,Vito,10,3
05-03-2024,Rainer,Vito,Simone,Giacomo,2,10
05-03-2024,Giacomo,Simone,Vito,Rainer,10,2
05-03-2024,Simone,Giacomo,Leonardo,Alessandro,10,1
05-03-2024,Alessandro,Leonardo,Giacomo,Simone,10,5
06-03-2024,Alessandro,Sebastian,Irene,Simone,8,10
06-03-2024,Vito,William,Alessandro,Irene,13,11
06-03-2024,Giacomo,Alessandro,Vito,Leonardo,10,7
06-03-2024,Giacomo,Irene,Leonardo,Vito,10,7
06-03-2024,Rainer,Alessandro,Vito,Giulio,10,3
06-03-2024,Rainer,Leonardo,Irene,Simone,4,10
06-03-2024,Giulio,Alessandro,Simone,Irene,3,10
06-03-2024,Leonardo,Alessandro,Rainer,Simone,15,13
07-03-2024,Rainer,Leonardo,Vito,Sebastian,10,3
07-03-2024,Simone,Giulio,Giacomo,Mauritz,6,10
07-03-2024,Alessandro,Irene,Rainer,Vito,10,8
07-03-2024,Leonardo,Mauritz,Giacomo,Simone,8,10
07-03-2024,Alessandro,Irene,Giulio,Simone,10,8
07-03-2024,Leonardo,Alessandro,Irene,Mauritz,8,10
08-03-2024,Vito,Simone,Alessandro,Leonardo,7,10
08-03-2024,Leonardo,Alessandro,Simone,Vito,8,10
08-03-2024,Simone,Vito,Alessandro,Leonardo,10,1
08-03-2024,Rainer,Alessandro,Miroslav,Mauritz,10,4
08-03-2024,Rainer,Alessandro,Simone,Vito,12,14
08-03-2024,Simone,Giulio,Vito,Mauritz,10,5
08-03-2024,Alessandro,Giulio,Rainer,Simone,5,10
11-03-2024,Simone,Vito,Alessandro,Mauritz,11,9
11-03-2024,Giulio,Irene,Leonardo,Simone,5,10
11-03-2024,Irene,Alessandro,Leonardo,Alessandro,8,10
11-03-2024,Alessandro,Simone,Giacomo,Leonardo,10,2
11-03-2024,Leonardo,Giacomo,Simone,Alessandro,2,10
11-03-2024,Giacomo,Irene,Alessandro,Simone,3,10
12-03-2024,Simone,Irene,Giacomo,Alessandro,10,4
12-03-2024,Alessandro,Giacomo,Irene,Simone,8,10
12-03-2024,Vito,Simone,Giacomo,Leonardo,6,10
12-03-2024,Leonardo,Giacomo,Simone,Vito,3,10
12-03-2024,Simone,Vito,Giacomo,Leonardo,10,6
12-03-2024,Rainer,Leonardo,Alessandro,Giacomo,10,6
12-03-2024,Giacomo,Alessandro,Leonardo,Rainer,10,5
12-03-2024,Rainer,Leonardo,Simone,Irene,10,7
12-03-2024,Vito,Alessandro,Irene,Simone,3,10
12-03-2024,Simone,Irene,Alessandro,Vito,9,11
13-03-2024,Giulio,Mauritz,Vito,Alessandro,3,10
13-03-2024,Alessandro,Vito,Irene,Mauritz,5,10
13-03-2024,Irene,Giulio,Mauritz,Alessandro,7,10
13-03-2024,Simone,Giacomo,Leonardo,Alessandro,5,10
13-03-2024,Rainer,Sebastian,Leonardo,Alessandro,5,10
13-03-2024,Rainer,Irene,Giulio,Simone,10,6
13-03-2024,Alessandro,Irene,Giacomo,Simone,10,6
13-03-2024,Alessandro,Mauritz,Simone,Giacomo,4,10
13-03-2024,Alessandro,Mauritz,Giacomo,Simone,7,10
14-03-2024,Vito,Alessandro,Leonardo,Sebastian,12,10
14-03-2024,Simone,Giacomo,Leonardo,Sebastian,10,6
14-03-2024,Simone,Giacomo,Vito,Alessandro,5,10
14-03-2024,Irene,Giacomo,Alessandro,Simone,5,10
14-03-2024,Alessandro,Simone,Giacomo,Vito,10,7
14-03-2024,Vito,Giacomo,Simone,Alessandro,3,10
14-03-2024,Giacomo,Irene,Simone,Mauritz,7,10
14-03-2024,Mauritz,Simone,Irene,Giacomo,6,10
15-03-2024,Leonardo,Joshua,Max,Simone,10,2
15-03-2024,Leonardo,Joshua,Alessandro,Mauritz,10,7
15-03-2024,Leonardo,Mauritz,Simone,Joshua,10,4
15-03-2024,Giacomo,Leonardo,Simone,Joshua,7,10
15-03-2024,Rainer,Vito,Joshua,Hernan,10,2
15-03-2024,Simone,Sebastian,Rainer,Joshua,13,15
15-03-2024,Simone,Sebastian,Giacomo,Mauritz,10,8
15-03-2024,Simone,Sebastian,Mauritz,Giacomo,10,6
15-03-2024,Alessandro,Laura,Giacomo,Simone,11,13
15-03-2024,Mauritz,Seyda,Laura,Simone,5,10
18-03-2024,Rainer,Giacomo,Leonardo,Sebastian,14,12
18-03-2024,Leonardo,Sebastian,Giacomo,Vito,9,11
19-03-2024,Vito,Giulio,Alessandro,Giacomo,6,10
19-03-2024,Giacomo,Leonardo,Alessandro,Giulio,6,10
19-03-2024,Giacomo,Alessandro,Giulio,Leonardo,10,3
19-03-2024,Rainer,Leonardo,Vito,Sebastian,8,10
19-03-2024,Sebastian,Vito,Leonardo,Rainer,4,10
19-03-2024,Leonardo,Rainer,Vito,Sebastian,6,10
20-03-2024,Rainer,William,Vito,Giulio,11,9
20-03-2024,Rainer,Alessandro,Vito,Leonardo,14,16
20-03-2024,Alessandro,Leonardo,Giacomo,Sebastian,10,4
21-03-2024,Rainer,Alessandro,Vito,Simone,3,10
21-03-2024,Irene,Simone,Giacomo,Giulio,10,2
21-03-2024,Rainer,Alessandro,Irene,Simone,5,10
21-03-2024,Alessandro,Rainer,Simone,Irene,5,10
22-03-2024,Irene,Alessandro,Giulio,Joshua,10,3
22-03-2024,Irene,Alessandro,Leonardo,Giacomo,11,9
22-03-2024,Joshua,Seyda,Giacomo,Leonardo,7,10
22-03-2024,Irene,Giulio,Rainer,Leonardo,7,10
22-03-2024,Giacomo,Sebastian,Rainer,Leonardo,5,10
22-03-2024,Joshua,Alessandro,Rainer,Irene,5,10
22-03-2024,Vito,Alessandro,Irene,Joshua,10,2
22-03-2024,Joshua,Alessandro,Vito,Sebastian,8,10
22-03-2024,Joshua,Vito,Leonardo,Sebastian,10,5
25-03-2024,Giulio,Mauritz,Giacomo,Simone,8,10
25-03-2024,Irene,Giulio,Mauritz,Simone,6,10
25-03-2024,Simone,Mauritz,Giulio,Irene,10,6
25-03-2024,Alessandro,Mauritz,Giacomo,Simone,5,10
25-03-2024,Simone,Giacomo,Alessandro,Mauritz,9,11
25-03-2024,Irene,Mauritz,Giulio,Simone,10,7
25-03-2024,Giacomo,Alessandro,Irene,Simone,6,10
25-03-2024,Simone,Irene,Alessandro,Giacomo,13,15
26-03-2024,Alessandro,Simone,Giulio,Mauritz,10,4
26-03-2024,Giacomo,Mauritz,Alessandro,Simone,8,10
26-03-2024,Giacomo,Mauritz,Simone,Giulio,10,7
26-03-2024,Rainer,Simone,Leonardo,Giulio,10,2
26-03-2024,Giacomo,Leonardo,Simone,Giulio,10,5
26-03-2024,Simone,Giulio,Giacomo,Leonardo,8,10
26-03-2024,Giacomo,Leonardo,Giulio,Simone,13,11
26-03-2024,Giacomo,Alessandro,Leonardo,Simone,7,10
27-03-2024,Giacomo,Giulio,Irene,Simone,5,10
28-03-2024,Giacomo,Giulio,Leonardo,Simone,1,10
28-03-2024,Giulio,Simone,Leonardo,Giacomo,10,7
28-03-2024,Simone,Sebastian,Rainer,Irene,14,12
29-03-2024,Simone,Sebastian,Maximilian,Joshua,10,4
29-03-2024,Joshua,Maximilian,Sebastian,Simone,3,10
29-03-2024,Joshua,Mauritz,Simone,Sebastian,10,6
29-03-2024,Joshua,Mauritz,Simone,Seyda,10,4
29-03-2024,Mauritz,Joshua,Seyda,Simone,4,10
02-04-2024,Gavin,Simone,Giacomo,Sebastian,10,5
02-04-2024,Sebastian,Giacomo,Simone,Gavin,6,10
02-04-2024,Jan F,Simone,Giacomo,Alessandro,7,10
02-04-2024,Simone,Mauritz,Alessandro,Giacomo,11,9
02-04-2024,Giacomo,Alessandro,Irene,Simone,5,10
03-04-2024,Rainer,Simone,Alessandro,Mauritz,9,11
03-04-2024,Mauritz,Alessandro,Simone,Rainer,10,12
03-04-2024,Alessandro,Mauritz,Simone,Rainer,7,10
03-04-2024,Irene,Alessandro,Rainer,Simone,4,10
03-04-2024,Simone,Rainer,Alessandro,Irene,6,10
03-04-2024,Alessandro,Irene,Rainer,Simone,5,10
04-04-2024,Giacomo,Sebastian,Alessandro,Simone,6,10
04-04-2024,Giacomo,Alessandro,Simone,XiangNan,10,5
04-04-2024,Irene,Simone,Alessandro,Giacomo,10,7
04-04-2024,Giacomo,Alessandro,Simone,Irene,10,8
04-04-2024,Irene,Simone,Giacomo,Alessandro,10,5
04-04-2024,Rainer,Simone,Giacomo,Alessandro,1,10
04-04-2024,Alessandro,Giacomo,Simone,Rainer,10,6
05-04-2024,Giacomo,Alessandro,Sebastian,Simone,10,5
08-04-2024,Leonardo,Giacomo,Vito,Seyda,10,5
08-04-2024,Seyda,Vito,Giacomo,Leonardo,3,10
08-04-2024,Alessandro,Vito,Giacomo,Leonardo,7,10
09-04-2024,Irene,Giacomo,Leonardo,Vito,8,10
09-04-2024,Vito,Leonardo,Giacomo,Irene,10,4
09-04-2024,Irene,Giacomo,Vito,Leonardo,10,6
09-04-2024,Leonardo,Giacomo,Vito,Mauritz,13,11
09-04-2024,Mauritz,Vito,Giacomo,Leonardo,10,8
10-04-2024,Alessandro,Giacomo,Irene,Vito,8,10
10-04-2024,Vito,Irene,Giacomo,Alessandro,10,8
10-04-2024,Alessandro,Giacomo,Vito,Irene,5,10
10-04-2024,Rainer,Leonardo,Alessandro,Andras,8,10
10-04-2024,Rainer,Vito,Giacomo,Mauritz,9,11
10-04-2024,Giacomo,Mauritz,Alessandro,Leonardo,5,10
11-04-2024,Alessandro,Leonardo,Vito,Giulio,10,8
11-04-2024,Alessandro,Giacomo,Giulio,Vito,13,11
12-04-2024,Alessandro,Sebastian,Leonardo,Giacomo,10,5
12-04-2024,Giacomo,Sebastian,Leonardo,Joshua,8,10
12-04-2024,Joshua,Leonardo,Sebastian,Giacomo,10,2
15-04-2024,Giacomo,Giulio,Leonardo,Vito,10,5
15-04-2024,Vito,Leonardo,Irene,Alessandro,10,8
15-04-2024,Alessandro,Irene,Leonardo,Vito,10,5
15-04-2024,Simone,Alessandro,Rainer,Vito,10,8
15-04-2024,Alessandro,Simone,Irene,Leonardo,10,4
15-04-2024,Alessandro,Simone,Rainer,Giacomo,10,5
15-04-2024,Vito,Giacomo,Alessandro,Simone,10,8
16-04-2024,Irene,Simone,Giacomo,Alessandro,7,10
16-04-2024,Alessandro,Giacomo,Simone,Irene,10,8
16-04-2024,Alessandro,Irene,Giacomo,Giulio,10,8
16-04-2024,Vito,Niklas,Irene,Giacomo,5,10
17-04-2024,Alessandro,Leonardo,Vito,Simone,9,11
17-04-2024,Simone,Vito,Leonardo,Alessandro,10,7
17-04-2024,Vito,Giacomo,Leonardo,Alessandro,19,17
17-04-2024,Simone,Leonardo,Rainer,Vito,10,4
17-04-2024,Leonardo,Simone,Giacomo,Giulio,10,5
17-04-2024,Vito,Rainer,Giulio,Giacomo,7,10
17-04-2024,Leonardo,Giacomo,Rainer,Simone,9,11
18-04-2024,Vito,Simone,Giacomo,Leonardo,8,10
18-04-2024,Alessandro,Massimiliano,Leonardo,Giacomo,10,8
18-04-2024,Alessandro,Massimiliano,Vito,Simone,6,10
18-04-2024,Simone,Vito,Massimiliano,Alessandro,10,3
18-04-2024,Vito,Alessandro,Massimiliano,Simone,10,12
18-04-2024,Rainer,Giacomo,Massimiliano,Simone,2,10
18-04-2024,Massimiliano,Vito,Giacomo,Rainer,10,8
18-04-2024,Giacomo,Leonardo,Giulio,Simone,10,8
18-04-2024,Simone,Giulio,Leonardo,Giacomo,5,10
19-04-2024,Irene,Leonardo,Joshua,Simone,8,10
19-04-2024,Simone,Joshua,Leonardo,Irene,7,10
19-04-2024,Alessandro,Massimiliano,Giulio,Giacomo,10,2
19-04-2024,Giacomo,Alessandro,Rainer,Vito,10,3
19-04-2024,Leonardo,Massimiliano,Alessandro,Simone,6,10
19-04-2024,Simone,Alessandro,Massimiliano,Leonardo,11,13
19-04-2024,Alessandro,Irene,Vito,Joshua,7,10
19-04-2024,Joshua,Irene,Rainer,Sebastian,6,10
19-04-2024,Sebastian,Rainer,Irene,Joshua,5,10
19-04-2024,Irene,Joshua,Rainer,Sebastian,4,10
19-04-2024,Irene,Joshua,Giacomo,Alessandro,4,10
19-04-2024,Vito,Massimiliano,Giacomo,Alessandro,10,7
19-04-2024,Massimiliano,Irene,Vito,Joshua,5,10
19-04-2024,Joshua,Alessandro,Giacomo,Irene,10,6
19-04-2024,Joshua,Alessandro,Vito,Massimiliano,10,2
19-04-2024,Massimiliano,Vito,Alessandro,Joshua,8,10
19-04-2024,Massimiliano,Giacomo,Vito,Joshua,10,8
19-04-2024,Massimiliano,Alessandro,Giacomo,Domenico,10,5
19-04-2024,Giacomo,Domenico,Massimiliano,Alessandro,6,10
19-04-2024,Vito,Simone,Alessandro,Massimiliano,7,10
19-04-2024,Massimiliano,Alessandro,Simone,Vito,11,9
21-04-2024,Simone,Irene,Massimiliano,Giacomo,10,4
21-04-2024,Giulio,Alessandro,Giacomo,Simone,5,10
21-04-2024,Alessandro,Massimiliano,Giacomo,Mauritz,8,10
21-04-2024,Alessandro,Mauritz,Massimiliano,Irene,8,10
21-04-2024,Irene,Massimiliano,Mauritz,Alessandro,7,10
21-04-2024,Mauritz,Alessandro,Massimiliano,Irene,10,7
22-04-2024,Alessandro,Massimiliano,Vito,Sebastian,10,8
22-04-2024,Alessandro,Massimiliano,Vito,Mauritz,10,6
22-04-2024,Mauritz,Vito,Massimiliano,Alessandro,10,8
22-04-2024,Massimiliano,Alessandro,Vito,Simone,4,10
22-04-2024,Simone,Vito,Alessandro,Massimiliano,10,8
22-04-2024,Alessandro,Vito,Simone,Sebastian,11,9
22-04-2024,Alessandro,Mauritz,Massimiliano,Simone,6,10
22-04-2024,Simone,Massimiliano,Mauritz,Alessandro,9,11
23-04-2024,Vito,Simone,Giacomo,Alessandro,13,11
23-04-2024,Irene,Alessandro,Simone,Vito,6,10
23-04-2024,Vito,Massimiliano,Alessandro,Giacomo,8,10
23-04-2024,Vito,Sebastian,Rainer,Giacomo,8,10
23-04-2024,Alessandro,Massimiliano,Rainer,Irene,10,8
23-04-2024,Irene,Vito,Giulio,Simone,10,7
23-04-2024,Simone,Giulio,Vito,Irene,9,11
24-04-2024,Rainer,Simone,Vito,Giulio,10,3
24-04-2024,Rainer,Simone,Giacomo,Mauritz,7,10
24-04-2024,Alessandro,Mauritz,Irene,Simone,6,10
24-04-2024,Simone,Irene,Mauritz,Alessandro,6,10
24-04-2024,Mauritz,Alessandro,Irene,Simone,8,10
24-04-2024,Vito,Alessandro,Irene,Mauritz,14,12
25-04-2024,Alessandro,Vito,Simone,Mauritz,7,10
25-04-2024,Mauritz,Alessandro,Giulio,Simone,10,6
25-04-2024,Giacomo,Mauritz,Alessandro,Irene,10,7
25-04-2024,Simone,Giulio,Alessandro,Mauritz,9,11
25-04-2024,Irene,Giacomo,Alessandro,Sebastian,8,10
25-04-2024,Sebastian,Alessandro,Giacomo,Irene,6,10
25-04-2024,Giacomo,Irene,Alessandro,Sebastian,10,8
26-04-2024,Joshua,Mauritz,Alessandro,Sebastian,9,10
26-04-2024,Mauritz,Vito,Alessandro,Sebastian,10,8
26-04-2024,Joshua,Mauritz,Vito,Sebastian,10,5
26-04-2024,Mauritz,Joshua,Alessandro,Sebastian,8,10
26-04-2024,Rainer,Joshua,Giulio,Alessandro,10,6
26-04-2024,Rainer,Joshua,Giulio,Mauritz,8,10
26-04-2024,Rainer,Joshua,Irene,Mauritz,6,10
26-04-2024,Joshua,Alessandro,Rainer,Mauritz,8,10
26-04-2024,Joshua,Alessandro,Mauritz,Sebastian,10,4
29-04-2024,Simone,Vito,AndreaM,Leonardo,10,7
29-04-2024,Alessandro,Giacomo,Vito,Simone,7,10
29-04-2024,Irene,Simone,Mauritz,Alessandro,11,9
29-04-2024,Alessandro,Mauritz,Simone,Irene,10,8
29-04-2024,Irene,Simone,Alessandro,Mauritz,10,7
29-04-2024,AndreaM,Leonardo,Giacomo,Alessandro,10,7
29-04-2024,Mauritz,Sebastian,Giulio,Simone,11,9
29-04-2024,Simone,Giulio,Sebastian,Mauritz,10,3
29-04-2024,Mauritz,Sebastian,Simone,Giulio,10,6
29-04-2024,Giulio,Simone,Sebastian,Mauritz,10,2
30-04-2024,Leonardo,Simone,Vito,Giacomo,10,2
30-04-2024,Simone,Leonardo,Alessandro,Irene,10,6
30-04-2024,Giacomo,Mauritz,Irene,Alessandro,6,10
30-04-2024,Leonardo,Giacomo,Mauritz,Simone,4,10
30-04-2024,Simone,Mauritz,Giacomo,Leonardo,10,6
30-04-2024,Giacomo,Alessandro,Mauritz,Simone,10,8
30-04-2024,Alessandro,Vito,Giacomo,Simone,10,4
30-04-2024,Irene,Mauritz,Alessandro,Vito,10,7
30-04-2024,Vito,Mauritz,Irene,Simone,9,11
30-04-2024,Mauritz,Simone,Irene,Alessandro,10,8
30-04-2024,Alessandro,Simone,Leonardo,Mauritz,10,8
02-05-2024,Giacomo,Leonardo,Vito,Dario,10,6
02-05-2024,Dario,Vito,Mauritz,Giacomo,2,10
02-05-2024,Alessandro,Simone,Giulio,Irene,10,2
02-05-2024,Alessandro,Dario,Giulio,Irene,10,7
02-05-2024,Alessandro,Simone,Mauritz,Vito,10,8
02-05-2024,Simone,Dario,Irene,Mauritz,7,10
02-05-2024,Irene,Simone,Rainer,Sebastian,10,1
02-05-2024,Simone,Dario,Irene,Giacomo,10,4
02-05-2024,Giacomo,Irene,Dario,Simone,10,4
02-05-2024,Vito,Alessandro,Simone,Mauritz,8,10
02-05-2024,Mauritz,Simone,Alessandro,Vito,3,10
02-05-2024,Alessandro,Vito,Simone,Mauritz,9,11
03-05-2024,Giulio,Simone,Giacomo,Dario,10,1
03-05-2024,Joshua,Irene,Alessandro,Mauritz,6,10
03-05-2024,Joshua,Mauritz,Simone,Vito,10,8
03-05-2024,Dario,Simone,Alessandro,Irene,4,10
03-05-2024,Irene,Alessandro,Simone,Dario,10,3
03-05-2024,Alessandro,Dario,Joshua,Simone,6,10
03-05-2024,Simone,Joshua,Dario,Alessandro,10,4
03-05-2024,Joshua,Vito,Giulio,Simone,5,10
03-05-2024,Giacomo,Simone,Irene,Mauritz,10,8
03-05-2024,Alessandro,Dario,Leonardo,Joshua,4,10
03-05-2024,Joshua,Leonardo,Dario,Alessandro,10,6
03-05-2024,Leonardo,Dario,Joshua,Alessandro,8,10
03-05-2024,Alessandro,Joshua,Dario,Leonardo,10,6
03-05-2024,Joshua,Dario,Leonardo,Alessandro,5,10
03-05-2024,Simone,Giacomo,Leonardo,Alessandro,5,10
03-05-2024,Alessandro,Leonardo,Giacomo,Simone,7,10
03-05-2024,Giacomo,Simone,Leonardo,Alessandro,3,10
06-05-2024,Irene,Carsten,Giulio,Giacomo,8,10
06-05-2024,Simone,Dario,Irene,Vito,5,10
06-05-2024,Vito,Irene,Dario,Simone,10,2
06-05-2024,Giacomo,Dario,Seyda,Simone,11,9
06-05-2024,Vito,Dario,Seyda,Simone,6,10
07-05-2024,Giacomo,Simone,Dario,Vito,10,5
07-05-2024,Simone,Dario,Vito,Giacomo,13,11
07-05-2024,Dario,Simone,Giulio,Giacomo,7,10
07-05-2024,Giulio,Simone,Irene,Leonardo,8,10
07-05-2024,Leonardo,Irene,Simone,Giulio,5,10
07-05-2024,Rainer,Dario,Giulio,Vito,8,10
07-05-2024,Rainer,Irene,Vito,Dario,10,4
08-05-2024,Rainer,Simone,Vito,Leonardo,7,10
08-05-2024,Leonardo,Vito,Simone,Rainer,7,10
08-05-2024,Simone,Rainer,Vito,Leonardo,8,10
08-05-2024,Seyda,Dario,Giacomo,XiangNan,2,10
08-05-2024,Dario,Giacomo,Vito,XiangNan,10,7
08-05-2024,Giacomo,Rainer,Vito,Dario,10,3
08-05-2024,Dario,Giacomo,Rainer,Vito,6,10
08-05-2024,Rainer,Dario,Giacomo,Vito,4,10
10-05-2024,Dario,Simone,Giacomo,AndreaM,7,10
10-05-2024,Dario,Simone,AndreaM,Giacomo,10,7
10-05-2024,AndreaM,Giacomo,Simone,Dario,10,3
13-05-2024,Rainer,Simone,Leonardo,Vito,10,7
13-05-2024,Irene,Vito,Rainer,Simone,5,10
13-05-2024,Vito,Leonardo,Simone,Rainer,13,11
13-05-2024,Rainer,Simone,Vito,Leonardo,10,5
14-05-2024,Vito,Dario,Sina,Simone,9,11
14-05-2024,Simone,Dario,Vito,Luca,4,10
14-05-2024,Dario,Simone,Luca,Irene,5,10
14-05-2024,Vito,Simone,Luca,Irene,8,10
14-05-2024,Giacomo,Vito,Dario,Simone,10,7
14-05-2024,Simone,Dario,Vito,Giacomo,6,10
14-05-2024,Vito,Dario,Seyda,Giacomo,10,7
14-05-2024,Seyda,Vito,Giacomo,Dario,7,10
14-05-2024,Dario,Giacomo,Vito,Seyda,10,6
15-05-2024,Leonardo,Giacomo,Dario,Andras,10,5
15-05-2024,Vito,Simone,Andras,Dario,9,11
15-05-2024,Vito,Simone,Giacomo,Leonardo,10,8
15-05-2024,Vito,Dario,Javier,Giacomo,10,5
15-05-2024,Javier,Dario,Irene,Sina,3,10
15-05-2024,Dario,Javier,Irene,Vito,3,10
15-05-2024,Javier,Leonardo,Giacomo,Dario,4,10
15-05-2024,Seyda,Simone,Giacomo,Dario,10,4
16-05-2024,Gavin,Leonardo,Simone,Seyda,9,11
16-05-2024,Vito,Giacomo,Irene,Dario,10,5
16-05-2024,Vito,Giacomo,Leonardo,Simone,8,10
16-05-2024,Giacomo,Irene,Simone,Leonardo,10,7
16-05-2024,Mauritz,Dario,Giacomo,XiangNan,8,10
16-05-2024,Dario,Mauritz,Irene,Luca,6,10
16-05-2024,Rainer,Simone,Luca,Leonardo,5,10
17-05-2024,Luca,Simone,Leonardo,Vito,10,5
17-05-2024,Luca,Joshua,Leonardo,Simone,8,10
17-05-2024,Vito,Javier,Dario,Joshua,10,8
17-05-2024,Joshua,Dario,Javier,Vito,10,7
17-05-2024,Joshua,Javier,Rainer,Vito,8,10
17-05-2024,Sebastian,Mauritz,Vito,Rainer,9,11
17-05-2024,Vito,Dario,Rainer,Joshua,4,10
17-05-2024,Vito,Leonardo,Dario,Simone,10,8
17-05-2024,Dario,Simone,Leonardo,Vito,7,10
17-05-2024,Dario,Simone,Mauritz,Leonardo,6,10
21-05-2024,Elsa,Simone,Luca,Dario,9,11
21-05-2024,Irene,Simone,Luca,Giacomo,10,8
21-05-2024,Simone,Irene,Dario,Luca,10,5
21-05-2024,Rainer,Irene,Luca,Dario,10,6
21-05-2024,Rainer,Dario,Giacomo,Elsa,10,6
21-05-2024,Giacomo,Rainer,Irene,Simone,11,13
21-05-2024,Irene,Giacomo,Dario,Simone,10,8
22-05-2024,Irene,Javier,Leonardo,Giacomo,4,10
22-05-2024,Giacomo,Leonardo,Javier,Irene,10,4
22-05-2024,Javier,Dario,Elsa,Irene,3,10
22-05-2024,Elsa,Javier,Irene,Dario,2,10
22-05-2024,Elsa,Simone,Rainer,Mauritz,10,5
22-05-2024,Elsa,Dario,Rainer,Mauritz,0,10
22-05-2024,Elsa,Giacomo,Rainer,Mauritz,7,10
22-05-2024,Rainer,Irene,Sebastian,Mauritz,10,7
22-05-2024,Mauritz,Sebastian,Irene,Rainer,13,11
23-05-2024,Giacomo,Irene,Dario,Leonardo,11,9
23-05-2024,Irene,Sebastian,Giacomo,Dario,10,7
23-05-2024,Dario,Luca,Irene,Sebastian,10,6
23-05-2024,Mauritz,Leonardo,Simone,Sebastian,11,13
23-05-2024,Irene,Mauritz,Simone,Sebastian,10,3
24-05-2024,Leonardo,Seyda,Giacomo,Simone,4,10
24-05-2024,Leonardo,Joshua,Simone,Giacomo,12,10
24-05-2024,Giacomo,Simone,Joshua,Leonardo,10,8
24-05-2024,Leonardo,Irene,Giacomo,Joshua,10,8
24-05-2024,Elsa,Sebastian,Rainer,Giacomo,4,10
24-05-2024,Irene,Mauritz,Leonardo,Simone,10,8
24-05-2024,Simone,Giacomo,Rainer,Mauritz,8,10
24-05-2024,Irene,Mauritz,Giacomo,Leonardo,6,10
27-05-2024,Leonardo,Simone,Pietro,Giordano,10,8
27-05-2024,Simone,Leonardo,Vito,Giordano,10,3
27-05-2024,Dario,Irene,Vito,Javier,5,10
27-05-2024,Luca,Dario,Irene,Javier,10,4
27-05-2024,Dario,Simone,Giacomo,Hernan,10,2
27-05-2024,Giacomo,Dario,Javier,Simone,8,10
27-05-2024,Vito,Giacomo,Dario,Simone,10,7
27-05-2024,Simone,Dario,Giacomo,Vito,6,10
28-05-2024,Simone,Dario,Rainer,Irene,10,7
28-05-2024,Vito,Luca,Simone,Dario,10,4
28-05-2024,Rainer,Luca,Vito,Irene,10,4
28-05-2024,Javier,Pietro,Vito,Dario,6,10
28-05-2024,Dario,Vito,Rainer,Javier,10,7
29-05-2024,Carsten,Simone,Leonardo,Vito,4,10
29-05-2024,Vito,Leonardo,Giacomo,AndreaM,10,4
29-05-2024,AndreaM,Vito,Elsa,Leonardo,5,10
29-05-2024,Javier,Simone,Dario,Irene,11,9
29-05-2024,Simone,Javier,Irene,Dario,5,10
29-05-2024,Elsa,Simone,Leonardo,Dario,10,8
29-05-2024,Elsa,Simone,Rainer,Irene,11,13
31-05-2024,Irene,Dario,Joshua,Vito,10,12
31-05-2024,Javier,Simone,Giordano,Sebastian,7,10
31-05-2024,Elsa,Joshua,Vito,Luca,2,10
31-05-2024,Pietro,Sebastian,Giordano,Irene,10,5
31-05-2024,Elsa,Vito,Joshua,Luca,3,10
31-05-2024,Elsa,Joshua,Irene,Dario,11,9
31-05-2024,Irene,Joshua,Rainer,Dario,10,5
31-05-2024,Pietro,Irene,Luca,Joshua,10,8
31-05-2024,Pietro,Joshua,Rainer,Vito,10,8
31-05-2024,Joshua,Pietro,Rainer,Sebastian,10,8
03-06-2024,Simone,Dario,Elsa,Vito,7,10
03-06-2024,Vito,Elsa,Dario,Simone,7,10
03-06-2024,Irene,Mauritz,Elsa,Vito,10,4
03-06-2024,Vito,Elsa,Irene,Mauritz,10,6
03-06-2024,Javier,Mauritz,Pietro,Dario,8,10
03-06-2024,Mauritz,Irene,Pietro,Dario,11,13
03-06-2024,Simone,Sebastian,Giacomo,Pietro,10,8
03-06-2024,Pietro,Giacomo,Sebastian,Simone,10,5
03-06-2024,Pietro,Simone,Giacomo,Mauritz,10,3
03-06-2024,Irene,Simone,Pietro,Dario,10,5
03-06-2024,Vito,Javier,Elsa,Mauritz,6,10
03-06-2024,Leonardo,Javier,Dario,Massimiliano,8,10
03-06-2024,Vito,Pietro,Mauritz,Elsa,10,7
03-06-2024,Pietro,Massimiliano,Leonardo,Simone,10,8
03-06-2024,Simone,Dario,Elsa,Mauritz,13,11
03-06-2024,Vito,Simone,Pietro,Massimiliano,8,10
03-06-2024,Hana,Mauritz,Simone,Dario,10,7
03-06-2024,Hana,Mauritz,Irene,Vito,5,10
03-06-2024,Dario,Massimiliano,Irene,Vito,7,10
03-06-2024,Vito,Irene,Massimiliano,Dario,10,4
04-06-2024,Simone,Dario,Rainer,Vito,9,11
04-06-2024,Vito,Rainer,Dario,Simone,10,4
04-06-2024,Elsa,Luca,Simone,Vito,10,8
04-06-2024,Jules,Luca,Irene,Elsa,10,4
04-06-2024,Irene,Mauritz,Giacomo,Massimiliano,10,6
04-06-2024,Irene,Elsa,Mauritz,Jules,10,6
04-06-2024,Giacomo,Dario,Massimiliano,Mauritz,10,12
04-06-2024,Dario,Mauritz,Giacomo,Vito,4,10
04-06-2024,Rainer,Giacomo,Irene,Elsa,4,10
04-06-2024,Simone,Sebastian,Irene,Elsa,10,4
04-06-2024,Sebastian,Simone,Vito,Rainer,8,10
04-06-2024,Dario,Simone,Rainer,Sebastian,10,4
04-06-2024,Rainer,Vito,Simone,Sebastian,8,10
04-06-2024,Sebastian,Simone,Vito,Rainer,10,8
05-06-2024,Vito,Dario,Giacomo,Massimiliano,6,10
05-06-2024,Massimiliano,Giacomo,Dario,Vito,10,4
05-06-2024,Massimiliano,Irene,Vito,Giacomo,13,15
05-06-2024,Riccardo,Simone,Leonardo,Sebastian,13,11
05-06-2024,Leonardo,Dario,Riccardo,Simone,2,10
05-06-2024,James,Simone,Vito,Dario,10,6
05-06-2024,Irene,Elsa,Leonardo,Simone,6,10
05-06-2024,Simone,Elsa,Irene,Leonardo,7,10
05-06-2024,Elsa,Dario,Javier,Giacomo,10,2
05-06-2024,Giacomo,Javier,Dario,Elsa,10,8
05-06-2024,Zaccaria,Simone,Vito,Leonardo,8,10
06-06-2024,Luca,Dario,Giacomo,Sebastian,10,3
06-06-2024,Simone,Elsa,Leonardo,Irene,5,10
06-06-2024,Irene,Luca,Vito,Mauritz,10,3
06-06-2024,Irene,Dario,Vito,Mauritz,6,10
06-06-2024,Irene,Simone,Leonardo,Dario,10,0
06-06-2024,Simone,Dario,Leonardo,Giacomo,8,10
06-06-2024,Leonardo,Dario,Elsa,Giacomo,10,8
06-06-2024,Vito,Simone,Giacomo,Mauritz,10,5
06-06-2024,Mauritz,Giacomo,Simone,Vito,7,10
07-06-2024,Simone,Javier,Giacomo,Joshua,10,8
07-06-2024,Joshua,Giacomo,Javier,Simone,10,8
07-06-2024,Irene,Dario,Joshua,Giacomo,3,10
07-06-2024,Simone,Dario,Javier,Joshua,10,4
07-06-2024,Simone,Dario,Elsa,Joshua,10,8
07-06-2024,Dario,Vito,Elsa,Giacomo,3,10
07-06-2024,Vito,Giacomo,Irene,Sebastian,11,9
07-06-2024,Leonardo,Joshua,Dario,Irene,10,8
10-06-2024,Simone,Mauritz,Leonardo,Sebastian,10,6
10-06-2024,Sebastian,Leonardo,Mauritz,Simone,8,10
10-06-2024,Dario,Simone,Vito,Sebastian,11,13
10-06-2024,Elsa,Sebastian,Simone,Dario,2,10
11-06-2024,Giacomo,Dario,Leonardo,Vito,10,6
11-06-2024,Leonardo,Elsa,Giacomo,Luca,15,17
11-06-2024,Giacomo,Dario,Luca,Leonardo,1,10
11-06-2024,Simone,Dario,Vito,Leonardo,3,10
11-06-2024,Andras,Vito,Rainer,Leonardo,11,9
11-06-2024,Andras,Luca,Giacomo,Irene,10,3
11-06-2024,Vito,Andras,Luca,Dario,8,10
12-06-2024,Dario,Leonardo,Elsa,Giacomo,10,8
12-06-2024,Giacomo,Elsa,Leonardo,Dario,10,4
12-06-2024,Dario,Giacomo,Vito,Sebastian,6,10
12-06-2024,Sebastian,Vito,Giacomo,Dario,8,10
13-06-2024,Simone,Giacomo,Elsa,Leonardo,10,7
13-06-2024,Leonardo,Elsa,Giacomo,Simone,10,6
13-06-2024,Simone,Giacomo,Leonardo,Elsa,10,5
13-06-2024,Leonardo,Seyda,Irene,Giacomo,8,10
13-06-2024,Rainer,AndreaV,Dario,Mauritz,14,12
13-06-2024,AndreaV,Irene,Dario,Mauritz,10,1
13-06-2024,Simone,Mauritz,Leonardo,Giacomo,10,7
13-06-2024,Giacomo,Leonardo,Mauritz,Simone,10,7
13-06-2024,Simone,Mauritz,Giacomo,Leonardo,10,7
14-06-2024,Simone,Seyda,Elsa,Mauritz,11,9
14-06-2024,Irene,Dario,Vito,Giacomo,2,10
14-06-2024,Mauritz,Elsa,Giacomo,Simone,9,11
14-06-2024,Vito,Irene,Dario,Joshua,10,4
14-06-2024,Rainer,Irene,Leonardo,Simone,6,10
14-06-2024,Vito,Joshua,Simone,Leonardo,4,10
14-06-2024,Mauritz,Simone,Leonardo,Giacomo,10,7
17-06-2024,Simone,Dario,Elsa,Sebastian,10,3
17-06-2024,Sebastian,Elsa,Dario,Simone,8,10
17-06-2024,Leonardo,Dario,Giacomo,Javier,10,6
17-06-2024,Giacomo,Elsa,Javier,Simone,10,8
17-06-2024,Simone,Leonardo,Giacomo,Dario,10,2
17-06-2024,Simone,Sebastian,Leonardo,Giacomo,10,8
17-06-2024,Simone,Dario,Giacomo,Mauritz,3,10
18-06-2024,Mauritz,Dario,Giacomo,Luca,6,10
18-06-2024,Luca,Dario,Mauritz,Giacomo,10,4
18-06-2024,Giacomo,Dario,Luca,Mauritz,6,10
18-06-2024,Vito,Simone,Dario,Leonardo,10,4
18-06-2024,Rainer,AndreaV,Leonardo,Dario,9,11
18-06-2024,Vito,Simone,Rainer,Mauritz,10,1
18-06-2024,Dario,Simone,Mauritz,Elsa,10,12
19-06-2024,Dario,Mauritz,Elsa,Giacomo,7,10
19-06-2024,Giacomo,Elsa,Mauritz,Dario,10,5
19-06-2024,Mauritz,Javier,Elsa,Giacomo,7,10
19-06-2024,Javier,Mauritz,Giacomo,Dario,8,10
19-06-2024,Simone,Sebastian,Elsa,Leonardo,10,5
19-06-2024,Simone,Dario,Rainer,Seyda,8,10
20-06-2024,Simone,Sebastian,Leonardo,Elsa,10,8
20-06-2024,Elsa,Leonardo,Sebastian,Simone,7,10
20-06-2024,Elsa,Dario,Rainer,Carsten,10,8
20-06-2024,Gavin,Simone,Rainer,Carsten,14,16
20-06-2024,AndreaV,Simone,Giacomo,Irene,6,10
20-06-2024,Simone,Dario,AndreaV,Irene,9,11
21-06-2024,Giacomo,Simone,AndreaV,Dario,10,6
21-06-2024,Elsa,Mauritz,Simone,Dario,11,9
21-06-2024,Simone,Giacomo,AndreaV,Elsa,7,10
24-06-2024,Mauritz,AndreaV,Simone,Sina,5,10
24-06-2024,Sina,Simone,AndreaV,Elsa,10,7
24-06-2024,Simone,Sina,Elsa,Mauritz,11,9
24-06-2024,Simone,Sebastian,Mauritz,AndreaV,11,9
24-06-2024,Simone,Dario,AndreaV,Mauritz,7,10
24-06-2024,AndreaV,Dario,Elsa,Mauritz,10,7
25-06-2024,Simone,Mauritz,Elsa,Irene,10,5
25-06-2024,Irene,Elsa,Mauritz,Simone,4,10
25-06-2024,Irene,Mauritz,Elsa,Dario,10,4
25-06-2024,Mauritz,Simone,Irene,Dario,10,3
25-06-2024,Irene,Simone,Luca,Dario,10,7
25-06-2024,Leonardo,Simone,AndreaV,Dario,10,4
25-06-2024,Simone,Leonardo,AndreaV,Irene,10,1
25-06-2024,Dario,Sebastian,Irene,Mauritz,4,10
25-06-2024,Leonardo,Davide,Elsa,Simone,6,10
25-06-2024,Simone,Elsa,Davide,Leonardo,16,18
25-06-2024,Irene,Leonardo,Davide,Dario,10,1
26-06-2024,AndreaV,Mauritz,Elsa,Sina,10,4
26-06-2024,AndreaV,Dario,Irene,Elsa,7,10
26-06-2024,Davide,Simone,Dario,Leonardo,10,5
26-06-2024,Dario,Simone,Davide,Leonardo,6,10
27-06-2024,AndreaV,Jakob,Elsa,Mauritz,10,8
27-06-2024,Irene,Dario,Rainer,Simone,4,10
27-06-2024,Dario,Irene,Rainer,Sebastian,10,3
27-06-2024,Irene,Dario,Rainer,Sebastian,11,9
27-06-2024,Rainer,AndreaV,Simone,Mauritz,7,10
27-06-2024,AndreaV,Elsa,Mauritz,Simone,8,10
27-06-2024,Rainer,Elsa,Mauritz,Simone,10,12
28-06-2024,Dario,Mauritz,Simone,Elsa,3,10
28-06-2024,Elsa,Simone,Mauritz,Dario,10,7
28-06-2024,William,Elsa,Simone,Dario,6,10
28-06-2024,Dario,Simone,Elsa,William,10,8
28-06-2024,Simone,Dario,William,Leonardo,11,13
28-06-2024,FrancescoCovi,Mauritz,Simone,Leonardo,8,10
28-06-2024,Leonardo,Simone,FrancescoCovi,Mauritz,10,4
01-07-2024,AndreaV,Leonardo,Simone,Giacomo,2,10
01-07-2024,Giacomo,Simone,Leonardo,AndreaV,10,7
01-07-2024,Leonardo,AndreaV,Simone,Giacomo,10,8
01-07-2024,AndreaV,Giacomo,Elsa,Simone,10,5
01-07-2024,Simone,Elsa,Giacomo,AndreaV,8,10
01-07-2024,Sina,Leonardo,Simone,Elsa,5,10
01-07-2024,Elsa,Simone,Leonardo,Sina,10,7
01-07-2024,Giacomo,Leonardo,Simone,Sina,10,6
02-07-2024,Leonardo,Elsa,AndreaV,Simone,5,10
02-07-2024,Giacomo,Elsa,Leonardo,Simone,5,10
02-07-2024,AndreaV,Helena,Joshua,Elsa,3,10
02-07-2024,Simone,DaeKyung,Joshua,AndreaV,5,10
02-07-2024,Rainer,Simone,Giacomo,Leonardo,7,10
02-07-2024,Leonardo,Giacomo,Simone,Rainer,10,4
03-07-2024,AndreaV,Joshua,Sina,Elsa,10,0
03-07-2024,Joshua,Sina,AndreaV,Elsa,5,10
03-07-2024,AndreaV,Simone,Elsa,Leonardo,10,2
03-07-2024,AndreaV,Simone,Joshua,Giacomo,10,6
03-07-2024,Giacomo,Joshua,Elsa,Simone,2,10
04-07-2024,Leonardo,Carsten,Simone,AndreaV,7,10
04-07-2024,Giacomo,Rainer,AndreaV,Simone,5,10
04-07-2024,Carsten,Leonardo,Rainer,Giacomo,0,10
04-07-2024,Simone,Giacomo,AndreaV,Leonardo,10,8
05-07-2024,Simone,Giacomo,Luca,Joshua,4,10
05-07-2024,Luca,Joshua,Giacomo,Simone,11,13
05-07-2024,Seyda,Simone,Luca,Giacomo,1,10
08-07-2024,Giacomo,Elsa,Javier,AndreaV,10,8
08-07-2024,Leonardo,Elsa,Javier,Giacomo,10,8
08-07-2024,Leonardo,Elsa,AndreaV,Giacomo,10,8
09-07-2024,Javier,Leonardo,Elsa,AndreaV,5,10
09-07-2024,Giacomo,Javier,AndreaV,Leonardo,6,10
09-07-2024,AndreaV,Javier,Elsa,Giacomo,15,13
10-07-2024,Vito,Leonardo,Giacomo,Elsa,10,5
10-07-2024,Elsa,Giacomo,AndreaV,Leonardo,3,10
10-07-2024,AndreaV,Elsa,Leonardo,Giacomo,10,5
10-07-2024,Leonardo,Elsa,AndreaV,Giacomo,5,10
12-07-2024,Joshua,Elsa,AndreaV,Giacomo,10,5
12-07-2024,Joshua,Elsa,Vito,AndreaV,8,10
12-07-2024,AndreaV,Vito,Elsa,Joshua,10,8
12-07-2024,Vito,Elsa,AndreaV,Joshua,9,11
15-07-2024,Leonardo,Seyda,Giacomo,Vito,5,10
15-07-2024,Giacomo,Seyda,Vito,Leonardo,2,10
17-07-2024,Vito,Mauritz,Leonardo,Giacomo,6,10
17-07-2024,Giacomo,Leonardo,Mauritz,Vito,10,12
17-07-2024,Mauritz,Vito,Leonardo,Giacomo,10,5
18-07-2024,Giacomo,Mauritz,Vito,Leonardo,11,9
18-07-2024,Leonardo,Vito,Mauritz,Giacomo,10,4
18-07-2024,Giacomo,Mauritz,Leonardo,Vito,10,12
18-07-2024,Mauritz,Vito,Giacomo,Elsa,2,10
18-07-2024,Leonardo,Mauritz,Giacomo,Elsa,10,7
18-07-2024,Leonardo,Mauritz,Vito,Elsa,12,14
18-07-2024,Giacomo,Sina,Elsa,Vito,8,10
18-07-2024,Giacomo,Sina,Mauritz,Leonardo,8,10
19-07-2024,Vito,Mauritz,Joshua,Giacomo,10,6
19-07-2024,Joshua,Giacomo,Leonardo,Rainer,10,6
19-07-2024,Joshua,Vito,Rainer,Giacomo,10,5
22-07-2024,Joshua,Mauritz,AndreaV,Giacomo,10,7
22-07-2024,Giacomo,AndreaV,Mauritz,Joshua,10,7
22-07-2024,Joshua,Mauritz,Giacomo,Vito,10,8
22-07-2024,Joshua,AndreaV,Mauritz,Giacomo,10,4
22-07-2024,Giacomo,Mauritz,AndreaV,Joshua,10,5
22-07-2024,Joshua,Mauritz,Giacomo,AndreaV,7,10
23-07-2024,Giacomo,Vito,AndreaV,Joshua,5,10
23-07-2024,Joshua,AndreaV,Mauritz,Giacomo,13,11
23-07-2024,Joshua,Mauritz,Vito,AndreaV,5,10
23-07-2024,Giacomo,Mauritz,Rainer,Leonardo,4,10
23-07-2024,AndreaV,Giacomo,Rainer,Vito,4,10
24-07-2024,AndreaV,Mauritz,Leonardo,Giacomo,6,10
24-07-2024,Giacomo,Leonardo,Mauritz,AndreaV,10,6
24-07-2024,Leonardo,Galvin,Giacomo,Mauritz,5,10
25-07-2024,Javier,Mauritz,Leonardo,Giacomo,12,10
25-07-2024,Javier,Leonardo,Vito,Giacomo,7,10
29-07-2024,Vito,Mauritz,Leonardo,AndreaV,10,8
29-07-2024,AndreaV,Leonardo,Mauritz,Vito,10,6
29-07-2024,Vito,Mauritz,AndreaV,Leonardo,10,7
29-07-2024,AndreaV,Leonardo,Vito,Mauritz,10,5
29-07-2024,Leonardo,Vito,AndreaV,Mauritz,10,8
29-07-2024,Mauritz,AndreaV,Vito,Leonardo,8,10
30-07-2024,AndreaV,Leonardo,Vito,Javier,10,4
30-07-2024,Javier,Vito,Leonardo,AndreaV,4,10
30-07-2024,Leonardo,Vito,AndreaV,Javier,10,5
30-07-2024,Vito,Leonardo,AndreaV,Mauritz,9,11
31-07-2024,Joshua,Simone,AndreaV,Carsten,10,5
31-07-2024,Joshua,Mauritz,Simone,Carsten,10,5
31-07-2024,Carsten,Simone,Mauritz,Joshua,10,3
31-07-2024,Carsten,AndreaV,Joshua,Mauritz,8,10
31-07-2024,Joshua,Simone,Mauritz,AndreaV,10,7
31-07-2024,Leonardo,Simone,AndreaV,Mauritz,10,6
31-07-2024,Mauritz,AndreaV,Simone,Leonardo,2,10
01-08-2024,Vito,Leonardo,Mauritz,Simone,8,10
01-08-2024,Simone,Mauritz,Leonardo,Vito,7,10
01-08-2024,Leonardo,Vito,Mauritz,Simone,10,5
01-08-2024,Mauritz,Simone,Vito,Sebastian,10,3
01-08-2024,Sebastian,Vito,Simone,Mauritz,4,10
01-08-2024,Vito,Mauritz,Simone,Sebastian,10,4
01-08-2024,Sebastian,Simone,Mauritz,Vito,6,10
02-08-2024,Luca,Joshua,Vito,Simone,10,6
02-08-2024,Simone,Vito,Joshua,Luca,6,10
02-08-2024,Leonardo,Simone,Joshua,Luca,10,8
02-08-2024,Joshua,Mauritz,Simone,Leonardo,7,10
02-08-2024,Leonardo,Simone,Mauritz,Joshua,10,5
02-08-2024,Joshua,Simone,Leonardo,Mauritz,14,12
02-08-2024,Leonardo,Simone,Mauritz,Joshua,10,5
05-08-2024,Javier,Simone,AndreaM,Sina,10,3
05-08-2024,Robin,AndreaM,Simone,Javier,3,10
05-08-2024,Joshua,Seyda,Carsten,Simone,5,10
05-08-2024,Simone,Carsten,Seyda,Joshua,10,3
05-08-2024,Simone,Seyda,Carsten,Joshua,7,10
05-08-2024,Joshua,Carsten,Seyda,Simone,6,10
06-08-2024,Simone,Sina,Robin,Clemens,10,5
06-08-2024,Clemens,Robin,Sina,Simone,0,10
07-08-2024,Carsten,Joshua,Simone,Seyda,10,5
07-08-2024,Seyda,Simone,Joshua,Carsten,3,10
07-08-2024,Joshua,Seyda,Carsten,Simone,5,10
07-08-2024,Simone,Seyda,Sebastian,Joshua,10,6
07-08-2024,Joshua,Sebastian,Seyda,Simone,10,6
08-08-2024,Simone,Seyda,Sina,Sebastian,10,6
08-08-2024,Sebastian,Sina,Seyda,Simone,10,8
09-08-2024,Seyda,Simone,Javier,Sina,10,7
09-08-2024,Joshua,Javier,Seyda,Simone,4,10
09-08-2024,Sina,Joshua,Simone,Seyda,5,10
09-08-2024,Seyda,Simone,Joshua,Sina,10,8
12-08-2024,Joshua,Leonardo,Rainer,Sebastian,10,5
13-08-2024,Samuel,Leonardo,Simone,Seyda,13,11
13-08-2024,Seyda,Simone,Leonardo,Samuel,11,13
13-08-2024,Leonardo,Simone,Rainer,Luca,10,5
13-08-2024,Luca,Rainer,Simone,Leonardo,11,9
13-08-2024,Leonardo,Simone,Luca,Rainer,10,3
14-08-2024,Rainer,Sebastian,Simone,Seyda,10,4
14-08-2024,Seyda,Simone,Sebastian,Rainer,10,7
14-08-2024,Rainer,Sebastian,Seyda,Simone,9,11
16-08-2024,Sina,Simone,Leonardo,Carsten,10,8
16-08-2024,Carsten,Leonardo,Simone,Sina,10,3
19-08-2024,Joshua,Simone,Leonardo,Vito,7,10
19-08-2024,Giulio,Simone,Vito,Joshua,7,10
19-08-2024,Joshua,Vito,Simone,Giulio,10,6
19-08-2024,Seyda,Simone,Leonardo,Giulio,8,10
19-08-2024,Simone,Seyda,Giulio,Vito,7,10
19-08-2024,Vito,Giulio,Seyda,Simone,10,5
20-08-2024,Luca,Carsten,Vito,Simone,7,10
20-08-2024,Simone,Vito,Carsten,Luca,2,10
20-08-2024,Carsten,Luca,Vito,Simone,6,10
20-08-2024,Giulio,Leonardo,Simone,Seyda,10,8
20-08-2024,Seyda,Simone,Leonardo,Giulio,4,10
21-08-2024,Giacomo,Simone,Leonardo,Sina,10,2
21-08-2024,Simone,Vito,Rainer,Leonardo,10,6
21-08-2024,Leonardo,Rainer,Vito,Simone,3,10
21-08-2024,Leonardo,Sebastian,Seyda,Simone,10,7
21-08-2024,Simone,Seyda,Sebastian,Leonardo,11,9
22-08-2024,Sina,Simone,Vito,Sebastian,6,10
22-08-2024,Sebastian,Vito,Simone,Sina,7,10
22-08-2024,Simone,Sina,Vito,Sebastian,3,10
22-08-2024,Elsa,Sebastian,Vito,Sina,4,10
22-08-2024,Elsa,Simone,Vito,Sina,10,6
22-08-2024,Elsa,Sebastian,Sina,Simone,7,10
22-08-2024,Sina,Vito,Sebastian,Elsa,8,10
22-08-2024,Vito,Elsa,Simone,Giacomo,10,7
23-08-2024,Simone,Vito,Sina,Giacomo,10,1
23-08-2024,Simone,Sina,Giacomo,Vito,2,10
23-08-2024,Giacomo,Simone,Vito,Sina,10,8
26-08-2024,Sina,Simone,Vito,Sebastian,10,7
26-08-2024,Luca,Leonardo,Vito,Simone,10,4
26-08-2024,Simone,Vito,Luca,Leonardo,7,10
26-08-2024,Vito,Simone,Leonardo,Luca,4,10
26-08-2024,Rainer,Giacomo,Simone,Mauritz,7,10
26-08-2024,Mauritz,Simone,Giacomo,Rainer,10,3
26-08-2024,Mauritz,Giacomo,Vito,Seyda,19,17
27-08-2024,Leonardo,Simone,Vito,Luca,10,8
27-08-2024,Luca,Vito,Simone,Leonardo,10,6
27-08-2024,Leonardo,Simone,Luca,Vito,10,6
27-08-2024,Simone,Giacomo,Vito,Leonardo,10,6
27-08-2024,Leonardo,Vito,Giacomo,Simone,6,10
27-08-2024,Simone,Giacomo,Leonardo,Vito,7,10
28-08-2024,Leonardo,Giacomo,Seyda,Mauritz,6,10
28-08-2024,Seyda,Mauritz,Giacomo,Leonardo,2,10
28-08-2024,Giacomo,Simone,Vito,Mauritz,11,9
28-08-2024,Mauritz,Vito,Simone,Giacomo,4,10
28-08-2024,Simone,Giacomo,Vito,Mauritz,4,10
28-08-2024,Mauritz,Vito,Giacomo,Simone,3,10
28-08-2024,Leonardo,Giacomo,Mauritz,Simone,7,10
28-08-2024,Simone,Mauritz,Giacomo,Leonardo,8,10
28-08-2024,Giacomo,Leonardo,Mauritz,Simone,9,11
29-08-2024,Simone,Seyda,Leonardo,Luca,4,10
29-08-2024,Vito,Giacomo,Luca,Leonardo,1,10
29-08-2024,Seyda,Simone,Giacomo,Vito,10,6
29-08-2024,Leonardo,Vito,Luca,Simone,4,10
29-08-2024,Vito,Simone,Luca,Leonardo,8,10
29-08-2024,Seyda,Mauritz,Elsa,Giacomo,11,13
29-08-2024,Giacomo,Elsa,Mauritz,Seyda,10,2
29-08-2024,Seyda,Mauritz,Giacomo,Elsa,10,2
29-08-2024,Vito,Mauritz,Seyda,Simone,10,3
29-08-2024,Vito,Mauritz,Elsa,Simone,10,1
29-08-2024,Vito,Giacomo,Mauritz,Elsa,10,12
29-08-2024,Elsa,Mauritz,Giacomo,Vito,10,4
30-08-2024,Riccardo,Giacomo,Simone,Seyda,8,10
30-08-2024,Simone,Vito,Luca,Seyda,3,10
30-08-2024,Luca,Seyda,Vito,Simone,3,10
30-08-2024,Simone,Seyda,Vito,Mauritz,9,11
30-08-2024,Mauritz,Vito,Seyda,Simone,10,5
30-08-2024,Seyda,Mauritz,Simone,Vito,3,10
30-08-2024,Simone,Seyda,Mauritz,Vito,5,10
02-09-2024,Sina,Mauritz,Simone,Seyda,10,8
02-09-2024,Vito,Simone,Luca,Mauritz,8,10
02-09-2024,Mauritz,Luca,Simone,Vito,8,10
02-09-2024,Simone,Vito,Luca,Mauritz,7,10
02-09-2024,Simone,Mauritz,Luca,Sebastian,10,12
04-09-2024,Carsten,Vito,Simone,Seyda,10,5
04-09-2024,Seyda,Simone,Vito,Carsten,13,11
04-09-2024,Carsten,Vito,Seyda,Simone,13,11
04-09-2024,Carsten,Seyda,Vito,Guillermo,5,10
04-09-2024,Rainer,Guillermo,Carsten,Simone,4,10
04-09-2024,Seyda,Vito,Simone,Carsten,4,10
04-09-2024,Seyda,Vito,Rainer,Guillermo,7,10
05-09-2024,Seyda,Simone,Mauritz,Guillermo,11,9
05-09-2024,Guillermo,Mauritz,Simone,Seyda,9,11
05-09-2024,Guillermo,Mauritz,Luca,Seyda,2,10
05-09-2024,Seyda,Simone,Guillermo,Mauritz,10,5
05-09-2024,Mauritz,Guillermo,Simone,Seyda,7,10
05-09-2024,Simone,Seyda,Guillermo,Mauritz,10,8
06-09-2024,Carsten,Simone,Luca,Seyda,10,3
09-09-2024,Simone,Giacomo,Vito,Luca,10,8
09-09-2024,Luca,Vito,Rainer,Simone,10,4
10-09-2024,Luca,Guillermo,Carsten,Vito,10,4
10-09-2024,Guillermo,Luca,Joshua,Vito,10,5
10-09-2024,Vito,Joshua,Luca,Guillermo,3,10
10-09-2024,Vito,Guillermo,Luca,Joshua,4,10
10-09-2024,Leonardo,Simone,Vito,Giacomo,10,5
10-09-2024,Giacomo,Vito,Simone,Leonardo,10,8
10-09-2024,Leonardo,Simone,Giacomo,Vito,10,7
11-09-2024,Simone,Rainer,Vito,Leonardo,8,10
11-09-2024,Leonardo,Vito,Rainer,Simone,13,11
11-09-2024,Joshua,Mauritz,Vito,Giacomo,6,10
11-09-2024,Giacomo,Vito,Mauritz,Joshua,10,8
11-09-2024,Giacomo,Mauritz,Joshua,Vito,10,3
11-09-2024,Vito,Joshua,Mauritz,Giacomo,10,5
11-09-2024,Giacomo,Mauritz,Vito,Joshua,10,8
12-09-2024,Luca,Joshua,Giacomo,Vito,10,6
12-09-2024,Luca,Joshua,Vito,Mauritz,10,6
12-09-2024,Vito,Mauritz,Joshua,Luca,3,10
12-09-2024,Luca,Vito,Joshua,Mauritz,12,10
12-09-2024,Rainer,Luca,Joshua,Mauritz,10,7
12-09-2024,Mauritz,Joshua,Luca,Rainer,2,10
13-09-2024,Joshua,Luca,Simone,Giacomo,7,10
13-09-2024,Giacomo,Simone,Luca,Joshua,7,10
13-09-2024,Luca,Leonardo,Joshua,Simone,10,7
13-09-2024,Simone,Joshua,Leonardo,Luca,10,8
13-09-2024,Luca,Leonardo,Simone,Joshua,10,8
16-09-2024,AndreaV,Emanuele,Giacomo,Simone,9,11
16-09-2024,Simone,Giacomo,Vito,Leonardo,10,6
16-09-2024,Emanuele,AndreaV,Vito,Leonardo,5,10
16-09-2024,AndreaV,Simone,Luca,Emanuele,5,10
16-09-2024,Emanuele,Luca,Simone,AndreaV,12,10
16-09-2024,Luca,Giacomo,Vito,Leonardo,10,4
17-09-2024,AndreaV,Simone,Vito,Guillermo,10,7
17-09-2024,Emanuele,Vito,Simone,AndreaV,6,10
17-09-2024,Joshua,Emanuele,Guillermo,Simone,6,10
17-09-2024,Luca,Guillermo,Joshua,AndreaV,11,9
17-09-2024,AndreaV,Joshua,Guillermo,Luca,10,4
17-09-2024,Luca,Guillermo,AndreaV,Joshua,11,9
17-09-2024,Simone,Vito,AndreaV,Luca,2,10
17-09-2024,Vito,AndreaV,Rainer,Luca,4,10
17-09-2024,Luca,Rainer,Joshua,AndreaV,10,5
17-09-2024,AndreaV,Joshua,Rainer,Luca,8,10
17-09-2024,AndreaV,Sebastian,Giacomo,Simone,7,10
17-09-2024,Simone,Giacomo,AndreaV,Sebastian,10,8
18-09-2024,Emanuele,Joshua,Giacomo,Leonardo,3,10
18-09-2024,Emanuele,Joshua,Guillermo,Giacomo,10,4
18-09-2024,Joshua,Leonardo,Giacomo,Guillermo,12,10
19-09-2024,Vito,Emanuele,Leonardo,Giacomo,2,10
19-09-2024,Giacomo,Leonardo,Emanuele,Vito,10,2
19-09-2024,Giacomo,Vito,Emanuele,Leonardo,7,10
19-09-2024,AndreaV,Vito,Giacomo,Emanuele,10,5
19-09-2024,AndreaV,Juan,Emanuele,Vito,10,7
19-09-2024,Vito,AndreaV,Guillermo,Luca,11,9
19-09-2024,Luca,Guillermo,AndreaV,Vito,4,10
19-09-2024,Luca,Vito,Rainer,AndreaV,10,3
19-09-2024,AndreaV,Rainer,Vito,Luca,7,10
20-09-2024,Joshua,Vito,Emanuele,Luca,8,10
20-09-2024,Luca,Emanuele,Vito,Joshua,10,6
20-09-2024,AndreaV,Emanuele,Giacomo,Joshua,8,10
20-09-2024,Joshua,Giacomo,Emanuele,AndreaV,8,10
20-09-2024,AndreaV,Joshua,Vito,Seyda,10,8
20-09-2024,Seyda,Vito,Joshua,AndreaV,8,10
20-09-2024,AndreaV,Seyda,Emanuele,Joshua,7,10
23-09-2024,AndreaV,Seyda,Giacomo,Leonardo,4,10
23-09-2024,AndreaV,Emanuele,Seyda,Leonardo,10,5
23-09-2024,Leonardo,Seyda,Emanuele,AndreaV,7,10
23-09-2024,Giacomo,Carsten,AndreaV,Guillermo,14,12
24-09-2024,Joshua,Leonardo,AndreaV,Giacomo,5,10
24-09-2024,Giacomo,AndreaV,Leonardo,Joshua,10,12
24-09-2024,Simone,Emanuele,Vito,Luca,10,8
24-09-2024,Luca,Vito,Emanuele,Simone,10,6
24-09-2024,Guillermo,AndreaV,Rainer,Joshua,29,27
24-09-2024,Carsten,Vito,AndreaV,Seyda,10,8
24-09-2024,Seyda,AndreaV,Vito,Carsten,9,11
24-09-2024,Leonardo,Simone,AndreaV,Giacomo,15,13
24-09-2024,Giacomo,AndreaV,Simone,Leonardo,8,10
25-09-2024,AndreaV,Emanuele,Hana,Simone,10,8
25-09-2024,Simone,Emanuele,Vito,AndreaV,17,19
25-09-2024,AndreaV,Seyda,Giacomo,Simone,7,10
25-09-2024,Simone,Seyda,Vito,AndreaV,3,10
25-09-2024,AndreaV,Vito,Seyda,Simone,10,3
25-09-2024,AndreaV,Seyda,Emanuele,Simone,7,10
25-09-2024,Vito,Simone,Leonardo,AndreaV,10,8
25-09-2024,AndreaV,Leonardo,Simone,Vito,10,5
25-09-2024,Vito,Simone,AndreaV,Leonardo,7,10
26-09-2024,Vito,Emanuele,Leonardo,Simone,7,10
26-09-2024,Vito,Emanuele,Simone,Joshua,13,11
26-09-2024,Joshua,Simone,Emanuele,Vito,10,8
26-09-2024,Emanuele,Joshua,Simone,Seyda,4,10
26-09-2024,Joshua,Emanuele,Guillermo,Andras,11,13
26-09-2024,Simone,Seyda,Carsten,Giacomo,8,10
26-09-2024,Giacomo,Carsten,Joshua,Emanuele,13,15
26-09-2024,Leonardo,Giacomo,Vito,Simone,11,13
27-09-2024,Giacomo,Seyda,Emanuele,AndreaV,10,6
27-09-2024,Vito,Seyda,Emanuele,AndreaV,15,17
27-09-2024,Vito,Simone,AndreaV,Emanuele,7,10
27-09-2024,Emanuele,AndreaV,Simone,Vito,10,8
27-09-2024,Vito,Joshua,AndreaV,Seyda,7,10
27-09-2024,Giacomo,Vito,AndreaV,Seyda,11,9
27-09-2024,Seyda,AndreaV,Vito,Giacomo,1,10
27-09-2024,AndreaV,Vito,Giacomo,Seyda,13,11
27-09-2024,Leonardo,Seyda,Giacomo,Joshua,10,8
27-09-2024,Leonardo,Seyda,Sina,Simone,6,10
27-09-2024,Joshua,Giacomo,Simone,Sina,10,7
27-09-2024,Giacomo,Simone,Joshua,Leonardo,15,13
30-09-2024,Seyda,Simone,AndreaV,Emanuele,4,10
30-09-2024,Vito,Simone,AndreaV,GabrieleB,7,10
30-09-2024,GabrieleB,Vito,Emanuele,AndreaV,7,10
30-09-2024,Vito,Seyda,Emanuele,GabrieleB,11,9
30-09-2024,AndreaV,Emanuele,GabrieleB,Vito,10,2
30-09-2024,Vito,GabrieleB,Emanuele,AndreaV,10,7
30-09-2024,AndreaV,Emanuele,Vito,GabrieleB,10,5
01-10-2024,Vito,GabrieleB,Luca,Emanuele,5,10
01-10-2024,Simone,Giacomo,Emanuele,Luca,10,6
01-10-2024,Vito,GabrieleB,AndreaV,Seyda,7,10
01-10-2024,Seyda,AndreaV,GabrieleB,Vito,1,10
01-10-2024,Seyda,AndreaV,GabrieleB,Emanuele,13,15
01-10-2024,Leonardo,Emanuele,Simone,AndreaV,6,10
01-10-2024,AndreaV,Simone,Emanuele,Leonardo,10,6
01-10-2024,Emanuele,Simone,AndreaV,Leonardo,8,10
01-10-2024,Emanuele,Simone,Leonardo,Seyda,10,6
01-10-2024,Simone,Seyda,Emanuele,Leonardo,9,11
01-10-2024,Giacomo,Vito,Leonardo,Simone,6,10
01-10-2024,Simone,Leonardo,Vito,Giacomo,10,6
01-10-2024,Simone,Leonardo,Giacomo,AndreaV,7,10
01-10-2024,AndreaV,Giacomo,Leonardo,Simone,9,11
01-10-2024,Simone,Sebastian,Leonardo,Giacomo,10,3
01-10-2024,Giacomo,Leonardo,Sebastian,Simone,10,8
01-10-2024,Giacomo,AndreaV,Leonardo,Simone,8,10
01-10-2024,Simone,Sebastian,Giacomo,Leonardo,9,11
02-10-2024,Giacomo,Leonardo,Emanuele,Simone,10,3
02-10-2024,Giacomo,GabrieleB,Timo,AndreaV,12,14
02-10-2024,GabrieleB,Emanuele,Carsten,Seyda,10,2
02-10-2024,Carsten,GabrieleB,Seyda,Emanuele,10,6
02-10-2024,Emanuele,Seyda,GabrieleB,Carsten,9,11
02-10-2024,AndreaV,Emanuele,Vito,Seyda,10,12
02-10-2024,Leonardo,Giacomo,Vito,Simone,10,8
02-10-2024,Emanuele,Simone,Leonardo,Seyda,10,6
02-10-2024,GabrieleB,Seyda,Guillermo,Simone,3,10
02-10-2024,Simone,Guillermo,Seyda,GabrieleB,10,5
02-10-2024,Simone,Seyda,GabrieleB,Guillermo,10,5
03-10-2024,Seyda,Vito,Simone,Emanuele,2,10
03-10-2024,Leonardo,Giacomo,Emanuele,Simone,2,10
03-10-2024,Vito,RiccardoP,Simone,Seyda,10,8
03-10-2024,RiccardoP,Emanuele,Seyda,Simone,6,10
03-10-2024,Giacomo,Seyda,Leonardo,Simone,6,10
03-10-2024,GabrieleB,Emanuele,Simone,Leonardo,2,10
04-10-2024,Vito,Emanuele,Simone,Seyda,10,2
04-10-2024,Vito,Emanuele,Giacomo,AndreaV,12,10
04-10-2024,Seyda,Simone,Emanuele,Vito,7,10
04-10-2024,AndreaV,GabrieleB,Vito,Emanuele,7,10
04-10-2024,AndreaV,Leonardo,GabrieleB,Simone,10,5
04-10-2024,Simone,Leonardo,Giacomo,AndreaV,8,10
04-10-2024,Giacomo,Vito,AndreaV,Simone,5,10
04-10-2024,Emanuele,Seyda,Guillermo,GabrieleB,7,10
04-10-2024,GabrieleB,Guillermo,Seyda,Emanuele,10,8
04-10-2024,Mauritz,Emanuele,Gaia,Simone,10,12
04-10-2024,Simone,Gaia,Emanuele,Mauritz,10,12
04-10-2024,Emanuele,Mauritz,Gaia,Simone,5,10
04-10-2024,Mauritz,Simone,AndreaV,Emanuele,10,8
04-10-2024,Emanuele,Simone,Gaia,AndreaV,8,10
04-10-2024,Simone,Gaia,Mauritz,AndreaV,10,8
04-10-2024,Emanuele,Gaia,AndreaV,Mauritz,5,10
07-10-2024,AndreaV,Emanuele,Seyda,Simone,10,4
07-10-2024,Simone,Seyda,Emanuele,AndreaV,6,10
07-10-2024,Vito,Emanuele,RiccardoP,GabrieleB,10,2
07-10-2024,GabrieleB,RiccardoP,Emanuele,Vito,9,11
07-10-2024,Emanuele,Giacomo,AndreaV,Seyda,15,13
07-10-2024,Simone,Seyda,Emanuele,Giacomo,10,8
07-10-2024,Seyda,Simone,Vito,Emanuele,10,4
07-10-2024,Emanuele,Vito,Simone,Seyda,11,9
07-10-2024,Seyda,Simone,Emanuele,Vito,10,8
07-10-2024,AndreaV,Vito,Giacomo,Simone,10,8
07-10-2024,Simone,Giacomo,Vito,AndreaV,15,13
07-10-2024,AndreaV,Vito,Simone,Giacomo,12,14
08-10-2024,Giacomo,RiccardoP,Emanuele,Simone,6,10
08-10-2024,Emanuele,Mauritz,Simone,Giacomo,10,7
08-10-2024,Giacomo,Simone,Mauritz,Emanuele,10,5
08-10-2024,AndreaV,Emanuele,Vito,Simone,5,10
08-10-2024,Simone,Vito,Emanuele,AndreaV,10,8
08-10-2024,Simone,Seyda,Emanuele,Giacomo,10,8
08-10-2024,Giacomo,Emanuele,Seyda,Simone,4,10
08-10-2024,Emanuele,Mauritz,Simone,Giacomo,10,6
08-10-2024,Giacomo,Simone,AndreaV,Mauritz,8,10
08-10-2024,Simone,Mauritz,Giacomo,Seyda,10,6
08-10-2024,Mauritz,AndreaV,Simone,Giacomo,9,11
09-10-2024,AndreaV,RiccardoP,Emanuele,Simone,7,10
09-10-2024,Simone,Emanuele,RiccardoP,AndreaV,10,5
09-10-2024,Emanuele,Simone,AndreaV,Vito,9,11
09-10-2024,Simone,Seyda,Vito,AndreaV,10,8
09-10-2024,Guillermo,Emanuele,GabrieleB,Simone,7,10
09-10-2024,Emanuele,Vito,Simone,Seyda,11,9
09-10-2024,Seyda,Simone,Vito,Emanuele,12,10
09-10-2024,Seyda,Simone,AndreaV,Vito,6,10
09-10-2024,Vito,AndreaV,Simone,Seyda,10,2
09-10-2024,Simone,AndreaV,Giacomo,Leonardo,5,10
09-10-2024,Leonardo,Giacomo,AndreaV,Simone,0,10
09-10-2024,AndreaV,Simone,Giacomo,Leonardo,10,8
10-10-2024,Giacomo,Simone,AndreaV,Seyda,10,5
10-10-2024,Emanuele,RiccardoP,AndreaV,GabrieleB,17,15
10-10-2024,GabrieleB,Simone,AndreaV,Vito,8,10
10-10-2024,Vito,AndreaV,Simone,GabrieleB,10,8
10-10-2024,Seyda,Simone,Giacomo,Emanuele,10,6
10-10-2024,Emanuele,Giacomo,Simone,Seyda,10,8
10-10-2024,Seyda,Simone,Emanuele,Giacomo,10,4
10-10-2024,Giacomo,AndreaV,Simone,Seyda,10,1
10-10-2024,Seyda,Simone,AndreaV,Giacomo,10,5
10-10-2024,Giacomo,AndreaV,Seyda,Simone,12,10
11-10-2024,Leonardo,AndreaV,Simone,Seyda,10,6
11-10-2024,Emanuele,Mauritz,Timo,Simone,11,9
11-10-2024,Vito,Mauritz,AndreaV,Emanuele,10,6
11-10-2024,Emanuele,AndreaV,Mauritz,Vito,6,10
11-10-2024,Emanuele,Simone,Vito,Guillermo,10,4
11-10-2024,Guillermo,Vito,Simone,Emanuele,8,10
11-10-2024,Emanuele,Simone,AndreaV,Mauritz,12,10
11-10-2024,Mauritz,AndreaV,Simone,Emanuele,7,10
11-10-2024,AndreaV,Mauritz,Simone,Emanuele,10,6
11-10-2024,Emanuele,Simone,Mauritz,AndreaV,10,6
11-10-2024,Simone,Mauritz,AndreaV,Giacomo,7,10
14-10-2024,Emanuele,Giacomo,Carsten,Simone,8,10
14-10-2024,Carsten,Simone,Vito,Emanuele,12,14
14-10-2024,Emanuele,Vito,Simone,Carsten,8,10
14-10-2024,Simone,Carsten,Vito,Emanuele,7,10
14-10-2024,Vito,Giacomo,AndreaV,GabrieleB,10,5
14-10-2024,Emanuele,Simone,Giacomo,Vito,2,10
14-10-2024,GabrieleB,AndreaV,Simone,Emanuele,2,10
14-10-2024,Emanuele,Simone,AndreaV,GabrieleB,7,10
14-10-2024,AndreaV,GabrieleB,Simone,Emanuele,11,13
15-10-2024,Guillermo,RiccardoP,Carsten,AndreaV,6,10
15-10-2024,Guillermo,RiccardoP,GabrieleB,Carsten,7,10
15-10-2024,Carsten,GabrieleB,RiccardoP,Guillermo,10,5
15-10-2024,Giacomo,Simone,Emanuele,Leonardo,10,8
15-10-2024,GabrieleB,Mauritz,Emanuele,Leonardo,8,10
15-10-2024,Emanuele,Mauritz,Vito,AndreaV,10,7
15-10-2024,AndreaV,Vito,Mauritz,Emanuele,10,8
16-10-2024,Leonardo,Mauritz,AndreaV,RiccardoP,10,2
16-10-2024,Vito,Emanuele,Leonardo,Mauritz,3,10
16-10-2024,RiccardoP,AndreaV,Emanuele,Vito,10,6
16-10-2024,Vito,GabrieleB,AndreaV,Emanuele,10,12
16-10-2024,AndreaV,Irene,Emanuele,Simone,8,10
16-10-2024,Irene,Mauritz,Emanuele,AndreaV,10,5
16-10-2024,AndreaV,Emanuele,Mauritz,Irene,10,5
16-10-2024,Irene,Mauritz,AndreaV,Emanuele,10,8
16-10-2024,Guillermo,Leonardo,Irene,AndreaV,2,10
16-10-2024,Guillermo,Giacomo,Emanuele,Mauritz,12,10
16-10-2024,AndreaV,Guillermo,Irene,Emanuele,10,8
17-10-2024,Irene,Leonardo,Carsten,Emanuele,10,3
17-10-2024,Emanuele,Irene,Giacomo,Carsten,10,3
17-10-2024,Irene,Vito,GabrieleB,Simone,10,5
17-10-2024,Simone,Giacomo,Carsten,Leonardo,8,10
17-10-2024,Leonardo,Carsten,Giacomo,Simone,8,10
17-10-2024,Giacomo,Simone,Carsten,Leonardo,10,6
17-10-2024,Rainer,Leonardo,Simone,GabrieleB,4,10
17-10-2024,GabrieleB,Simone,Leonardo,Rainer,4,10
17-10-2024,Leonardo,Rainer,Simone,GabrieleB,10,7
18-10-2024,Leonardo,Emanuele,RiccardoP,Simone,6,10
18-10-2024,Simone,RiccardoP,Emanuele,Leonardo,12,10
18-10-2024,Giacomo,Emanuele,Luca,RiccardoP,2,10
18-10-2024,RiccardoP,GabrieleB,Guillermo,Vito,3,10
18-10-2024,Vito,Guillermo,GabrieleB,RiccardoP,10,0
18-10-2024,Emanuele,GabrieleB,Guillermo,Simone,4,10
18-10-2024,Simone,Guillermo,GabrieleB,Emanuele,10,6
18-10-2024,RiccardoP,Simone,Leonardo,Giacomo,6,10
18-10-2024,Giacomo,Leonardo,Simone,RiccardoP,10,5
21-10-2024,GabrieleB,Sebastian,RiccardoP,Vito,7,10
21-10-2024,Emanuele,GabrieleB,Leonardo,RiccardoP,8,10
21-10-2024,Luca,Rainer,Giacomo,Guillermo,10,3
21-10-2024,GabrieleB,Luca,Vito,Guillermo,7,10
21-10-2024,Guillermo,Vito,Luca,GabrieleB,6,10
21-10-2024,Luca,GabrieleB,Vito,Guillermo,10,4
22-10-2024,Irene,Carsten,Emanuele,Vito,8,10
22-10-2024,RiccardoP,Luca,Carsten,GabrieleB,10,4
22-10-2024,Luca,Irene,Vito,Emanuele,10,4
22-10-2024,Vito,Irene,Emanuele,GabrieleB,10,7
22-10-2024,Rainer,Emanuele,Vito,Philipp,10,8
22-10-2024,Irene,Guillermo,Ninive,Vito,10,7
22-10-2024,Vito,Leonardo,Emanuele,Irene,10,7
23-10-2024,Guillermo,Simone,Giacomo,Emanuele,10,8
23-10-2024,Emanuele,Giacomo,Simone,Guillermo,6,10
24-10-2024,Vito,Giacomo,Emanuele,Simone,5,10
24-10-2024,Simone,Guillermo,Carsten,Luca,10,7
24-10-2024,Giordano,Guillermo,Seyda,Vito,10,8
24-10-2024,Giordano,Simone,Carsten,Emanuele,10,1
24-10-2024,Giordano,Seyda,Emanuele,Carsten,3,10
24-10-2024,Carsten,Simone,Emanuele,Giordano,8,10
24-10-2024,Simone,Giordano,Emanuele,Leonardo,10,7
24-10-2024,Giordano,Simone,Andras,Emanuele,13,11
24-10-2024,Emanuele,Andras,Simone,Vito,10,7
25-10-2024,GabrieleB,Luca,RiccardoP,Filippo2,10,1
25-10-2024,Filippo2,RiccardoP,Luca,GabrieleB,6,10
25-10-2024,Filippo2,RiccardoP,GabrieleB,Luca,6,10
25-10-2024,RiccardoP,Simone,Leonardo,Emanuele,6,10
25-10-2024,Filippo2,Leonardo,Emanuele,Simone,8,10
25-10-2024,GabrieleB,Seyda,Emanuele,RiccardoP,2,10
25-10-2024,Leonardo,Bombari,Emanuele,Vito,10,8
25-10-2024,Vito,Emanuele,Bombari,Leonardo,7,10
28-10-2024,Seyda,Simone,AndreaV,Mauritz,1,10
28-10-2024,Emanuele,RiccardoP,AndreaV,Mauritz,4,10
28-10-2024,GabrieleB,Vito,RiccardoP,Emanuele,11,9
28-10-2024,AndreaV,Mauritz,Leonardo,Simone,4,10
28-10-2024,RiccardoP,Seyda,GabrieleB,Mauritz,6,10
28-10-2024,Mauritz,GabrieleB,Seyda,RiccardoP,10,8
28-10-2024,Leonardo,GabrieleB,Elsa,Simone,10,6
28-10-2024,GabrieleB,Mauritz,Simone,Elsa,10,8
29-10-2024,Giacomo,Seyda,Emanuele,GabrieleB,10,7
29-10-2024,Emanuele,RiccardoP,Seyda,GabrieleB,10,6
29-10-2024,Simone,Mauritz,Leonardo,AndreaV,9,11
29-10-2024,AndreaV,Leonardo,Mauritz,Simone,10,3
29-10-2024,Simone,Mauritz,AndreaV,Leonardo,10,4
29-10-2024,RiccardoP,Elsa,Emanuele,Simone,6,10
29-10-2024,Elsa,AndreaV,Emanuele,RiccardoP,11,9
29-10-2024,Giacomo,Simone,AndreaV,Elsa,8,10
30-10-2024,GabrieleB,Emanuele,Simone,RiccardoP,4,10
30-10-2024,GabrieleB,Emanuele,Giacomo,RiccardoP,8,10
30-10-2024,GabrieleB,Leonardo,Emanuele,AndreaV,9,11
30-10-2024,AndreaV,Guillermo,Emanuele,Elsa,10,7
30-10-2024,AndreaV,Elsa,GabrieleB,Simone,10,8
30-10-2024,Simone,AndreaV,Giacomo,Leonardo,15,13
30-10-2024,Seyda,Simone,Emanuele,GabrieleB,10,6
31-10-2024,Leonardo,RiccardoP,AndreaV,Emanuele,11,9
31-10-2024,Emanuele,AndreaV,RiccardoP,Leonardo,10,5
31-10-2024,Leonardo,RiccardoP,Emanuele,AndreaV,4,10
04-11-2024,Emanuele,Giacomo,AndreaV,Seyda,8,10
04-11-2024,Seyda,AndreaV,Giacomo,Emanuele,11,9
04-11-2024,AndreaV,Giacomo,RiccardoP,Emanuele,10,4
05-11-2024,RiccardoP,Emanuele,AndreaV,Carsten,8,10
05-11-2024,Emanuele,Leonardo,Carsten,AndreaV,10,6
05-11-2024,AndreaV,Carsten,Leonardo,Emanuele,12,10
05-11-2024,AndreaV,Seyda,Emanuele,Leonardo,10,7
05-11-2024,Leonardo,Emanuele,Seyda,AndreaV,10,4
05-11-2024,Seyda,AndreaV,Emanuele,Leonardo,13,11
06-11-2024,Guillermo,AndreaV,Giacomo,Emanuele,10,8
06-11-2024,Emanuele,Giacomo,AndreaV,Guillermo,7,10
07-11-2024,Emanuele,RiccardoP,Seyda,AndreaV,10,7
07-11-2024,Seyda,AndreaV,RiccardoP,Emanuele,10,1
07-11-2024,Emanuele,RiccardoP,AndreaV,Seyda,7,10
07-11-2024,Seyda,AndreaV,Emanuele,Guillermo,9,11
07-11-2024,Guillermo,Emanuele,AndreaV,Seyda,10,7
07-11-2024,Seyda,AndreaV,Guillermo,Emanuele,10,7
08-11-2024,Carsten,Seyda,RiccardoP,AndreaV,9,11
08-11-2024,AndreaV,RiccardoP,Seyda,Carsten,10,4
08-11-2024,AndreaV,RiccardoP,Carsten,Seyda,10,2
08-11-2024,Carsten,RiccardoP,Seyda,AndreaV,11,9
08-11-2024,AndreaV,Seyda,RiccardoP,Mauritz,10,6
08-11-2024,Giacomo,RiccardoP,Seyda,Mauritz,6,10
08-11-2024,AndreaV,RiccardoP,Mauritz,Giacomo,10,8
08-11-2024,Emanuele,AndreaV,Giacomo,Mauritz,8,10
11-11-2024,Seyda,Luca,Emanuele,Guillermo,10,8
11-11-2024,Seyda,Giacomo,Guillermo,Emanuele,6,10
12-11-2024,Giacomo,Emanuele,AndreaV,RiccardoP,10,3
12-11-2024,Vito,Emanuele,RiccardoP,AndreaV,10,2
12-11-2024,AndreaV,RiccardoP,Emanuele,Vito,7,10
12-11-2024,Seyda,AndreaV,Emanuele,PeterS,10,7
12-11-2024,Seyda,Emanuele,PeterS,Vito,9,11
12-11-2024,Vito,Emanuele,AndreaV,PeterS,9,11
12-11-2024,PeterS,AndreaV,Emanuele,Vito,12,10
13-11-2024,Giacomo,Emanuele,Vito,RiccardoP,10,6
13-11-2024,RiccardoP,Emanuele,Guillermo,Mauritz,10,8
13-11-2024,Mauritz,Guillermo,Emanuele,RiccardoP,10,2
13-11-2024,RiccardoP,Emanuele,Mauritz,Guillermo,4,10
13-11-2024,Mauritz,Emanuele,Vito,Guillermo,5,10
13-11-2024,Carsten,Emanuele,Vito,AndreaV,2,10
13-11-2024,Carsten,Vito,Emanuele,AndreaV,5,10
13-11-2024,Vito,Mauritz,AndreaV,Carsten,7,10
13-11-2024,Mauritz,Emanuele,Vito,Carsten,11,9
13-11-2024,Emanuele,Mauritz,Carsten,AndreaV,2,10
13-11-2024,Mauritz,Emanuele,Carsten,AndreaV,11,9
14-11-2024,Luca,Emanuele,Vito,AndreaV,10,6
14-11-2024,AndreaV,Vito,Emanuele,Luca,12,10
14-11-2024,Luca,Emanuele,AndreaV,Vito,8,10
15-11-2024,AndreaV,RiccardoP,Vito,Leonardo,11,9
15-11-2024,RiccardoP,AndreaV,Vito,Emanuele,4,10
15-11-2024,AndreaV,RiccardoP,Emanuele,Leonardo,5,10
15-11-2024,Seyda,Emanuele,Mauritz,Vito,8,10
15-11-2024,Vito,Mauritz,Emanuele,Seyda,10,3
15-11-2024,Vito,Emanuele,Seyda,Mauritz,10,8
18-11-2024,Carsten,Vito,RiccardoP,Luca,10,12
18-11-2024,Luca,RiccardoP,Vito,Carsten,9,11
18-11-2024,RiccardoP,Emanuele,Guillermo,Carsten,10,4
18-11-2024,Carsten,Guillermo,Emanuele,RiccardoP,10,8
18-11-2024,Giulio,Emanuele,Guillermo,Leonardo,10,8
18-11-2024,Leonardo,Guillermo,Emanuele,Giulio,8,10
19-11-2024,Vito,RiccardoP,Seyda,Guillermo,10,4
19-11-2024,Guillermo,Seyda,RiccardoP,Vito,1,10
20-11-2024,RiccardoP,Victor,Guillermo,Mauritz,10,7
20-11-2024,Mauritz,Guillermo,Victor,RiccardoP,10,3
20-11-2024,RiccardoP,Victor,Mauritz,Guillermo,4,10
20-11-2024,Guillermo,Mauritz,Victor,RiccardoP,10,6
01-02-2025,Giacomo,Emanuele,Simone,Leonardo,7,10
01-02-2025,Leonardo,Simone,Emanuele,Giacomo,10,4
01-02-2025,Leonardo,Emanuele,Giacomo,Simone,9,11
01-02-2025,Simone,Giacomo,Emanuele,Leonardo,10,5
01-02-2025,Giacomo,Leonardo,Simone,Emanuele,10,3
04-07-2025,Tacchella,Mauritz,Fish,Vito,10,3
04-07-2025,Luca,Fish,Tacchella,Mauritz,10,8
04-07-2025,Luca,Fish,Vito,Tacchella,10,7
04-07-2025,Tacchella,Fish,Vito,Mauritz,3,10
07-07-2025,Leonardo,Giacomo,Vito,Seyda,10,7
07-07-2025,Leonardo,Mauritz,Giacomo,Seyda,10,2
07-07-2025,Seyda,Giacomo,Mauritz,Leonardo,7,10
08-07-2025,JuanO,Sebastian,Vito,Flavio,4,10
08-07-2025,Flavio,Vito,Sebastian,JuanO,10,2
08-07-2025,Vito,Guillermo,AndreaV,JuanO,10,2
08-07-2025,JuanO,AndreaV,Guillermo,Vito,1,10
08-07-2025,Vito,JuanO,Guillermo,AndreaV,6,10
08-07-2025,AndreaV,Flavio,JuanO,Guillermo,10,2
08-07-2025,JuanO,AndreaV,Flavio,Guillermo,5,10
08-07-2025,AndreaV,Clara,Vito,Mauritz,7,10
08-07-2025,Mauritz,Vito,Clara,AndreaV,10,8
08-07-2025,Clara,AndreaV,Vito,Mauritz,8,10
10-07-2025,AndreaV,Mauritz,Vito,Guillermo,10,4
10-07-2025,Guillermo,Vito,Mauritz,AndreaV,8,10
10-07-2025,Flavio,AndreaV,Vito,JuanO,10,6
10-07-2025,Vito,Flavio,AndreaV,Jak,10,5
10-07-2025,Jak,Vito,Bardo,Flavio,8,10
10-07-2025,Vito,Jak,Bardo,AndreaV,4,10
10-07-2025,Jak,AndreaV,Flavio,Bardo,5,10
11-07-2025,Mauritz,Ruggiero,Zoe,AndreaV,8,10
11-07-2025,Vito,Ruggiero,AndreaV,Zoe,10,8
11-07-2025,Ruggiero,Vito,Zoe,Mauritz,11,13
11-07-2025,AndreaV,JuanO,Vito,Mauritz,1,10
11-07-2025,Zoe,AndreaV,Vito,Ruggiero,2,10
11-07-2025,Zoe,Vito,Ruggiero,AndreaV,9,11
22-07-2025,Flavio,Mauritz,Giacomo,Seyda,10,3
22-07-2025,Xfer,Mauritz,Flavio,Seyda,10,4
22-07-2025,Remah,Giacomo,Seyda,JuanO,10,8
22-07-2025,Mauritz,Remah,JuanO,Flavio,10,4
28-07-2025,Bardo,Mauritz,Vito,Diego,5,10
28-07-2025,Diego,Vito,Bardo,Mauritz,8,10
28-07-2025,Mauritz,Vito,Bardo,Diego,10,7
29-07-2025,JuanO,Guillermo,Vito,Bardo,0,10
29-07-2025,JuanO,Vito,Bardo,Guillermo,6,10
29-07-2025,Mauritz,Angarika,Carsten,Guillermo,10,7
29-07-2025,Bardo,Diego,Vito,Carsten,7,10
29-07-2025,Guillermo,Angarika,JuanO,Mauritz,4,10
29-07-2025,Mauritz,JuanO,Vito,Diego,5,10
29-07-2025,Mauritz,Diego,Guillermo,Vito,6,10
30-07-2025,Bardo,Vito,Will,Mauritz,10,7
30-07-2025,Vito,Will,Bardo,Mauritz,7,10
30-07-2025,Bardo,Will,Mauritz,Vito,6,10
31-07-2025,Diego,Mauritz,Vito,Angarika,10,7
31-07-2025,Mauritz,Vito,Angarika,Diego,10,4
31-07-2025,Angarika,Mauritz,Diego,Vito,4,10
31-07-2025,Mauritz,Diego,Angarika,Vito,10,4
04-08-2025,Fish,Vito,Leonardo,Simone,5,10
04-08-2025,Simone,Leonardo,Vito,Fish,12,10
04-08-2025,Xfer,Simone,Vito,Leonardo,7,10
04-08-2025,Leonardo,Vito,Simone,Xfer,10,6
04-08-2025,Fish,Leonardo,Vito,Simone,4,10
04-08-2025,Simone,Vito,Leonardo,Fish,8,10
04-08-2025,Leonardo,Fish,Vito,Simone,7,10
04-08-2025,Leonardo,Fish,Seyda,Simone,10,7
04-08-2025,Simone,Seyda,Fish,Leonardo,10,5
06-08-2025,Vito,Mauritz,Seyda,AndreaV,10,7
06-08-2025,AndreaV,Seyda,Mauritz,JuanO,10,7
06-08-2025,AndreaV,JuanO,Mauritz,Vito,5,10
06-08-2025,Vito,JuanO,AndreaV,Mauritz,4,10
07-08-2025,Vito,Simone,Giacomo,Leonardo,10,8
07-08-2025,Leonardo,Giacomo,Simone,Vito,10,5
07-08-2025,AndreaV,Vito,Leonardo,Simone,9,11
07-08-2025,Vito,Simone,Leonardo,Giacomo,10,6
07-08-2025,MartinaC,AndreaV,Mauritz,Leonardo,10,5
07-08-2025,MartinaC,Mauritz,Simone,Giacomo,10,8
07-08-2025,MartinaC,Simone,Leonardo,AndreaV,10,5
07-08-2025,MartinaC,Giacomo,AndreaV,Mauritz,4,10
07-08-2025,Giacomo,Simone,AndreaV,Leonardo,11,9
07-08-2025,Simone,Mauritz,MartinaC,Leonardo,10,3
07-08-2025,MartinaC,AndreaV,Giacomo,Remah,10,6
09-08-2025,AndreaV,Giacomo,Leonardo,Simone,6,10
09-08-2025,AndreaV,Leonardo,Vito,Simone,10,4
09-08-2025,Simone,Vito,Leonardo,AndreaV,11,9
09-08-2025,AndreaV,Leonardo,Simone,Vito,10,4
09-08-2025,Vito,Simone,Leonardo,AndreaV,3,10
09-08-2025,Simone,AndreaV,Leonardo,Sina,10,5
09-08-2025,AndreaV,Simone,Vito,Leonardo,10,8
09-08-2025,Leonardo,Vito,Simone,AndreaV,10,8
09-08-2025,Simone,Lorenza,Sina,AndreaV,10,5
13-08-2025,Xfer,Flavio,Carsten,Theo,10,4
13-08-2025,Flavio,Carsten,Theo,Xfer,8,10
13-08-2025,Theo,Flavio,Carsten,Xfer,12,14
14-08-2025,Will,Xfer,Rainer,Vito,4,10
14-08-2025,Vito,Rainer,Xfer,Will,10,2
14-08-2025,Rainer,Xfer,Will,Vito,10,6
19-08-2025,Flavio,JuanO,Theo,Xfer,4,10
19-08-2025,Xfer,Flavio,Theo,JuanO,10,5
19-08-2025,JuanO,Xfer,Flavio,Theo,7,10
19-08-2025,Vito,PeterS,Bardo,Victor,8,10
19-08-2025,JoshuaC,Andras,Victor,Bardo,8,10
19-08-2025,Victor,Vito,Bardo,JoshuaC,10,7
20-08-2025,JuanO,Flavio,Vito,Sebastian,4,10
20-08-2025,Sebastian,Vito,Flavio,JuanO,10,3
20-08-2025,Vito,JuanO,Flavio,Sebastian,3,10
20-08-2025,Flavio,Sebastian,Vito,Theo,13,11
22-08-2025,Theo,Flavio,Xfer,Vito,8,10
22-08-2025,Vito,Theo,Flavio,Xfer,10,3
22-08-2025,Flavio,Vito,Theo,Xfer,6,10
26-08-2025,Seyda,Giulio,Vito,JuanO,2,10
26-08-2025,JuanO,Vito,Giulio,Seyda,10,2
26-08-2025,Seyda,Vito,Giulio,JuanO,10,1
26-08-2025,Giacomo,Seyda,Giulio,Leonardo,10,7
26-08-2025,Vito,JuanO,PeterS,Flavio,11,9
26-08-2025,Flavio,PeterS,JuanO,Vito,15,13
27-08-2025,Flavio,Fish,JuanO,Vito,10,8
27-08-2025,Vito,Flavio,Fish,JuanO,10,3
27-08-2025,JuanO,Flavio,Fish,Vito,3,10
29-08-2025,JuanO,Flavio,Xfer,Fish,2,10
29-08-2025,Fish,JuanO,Flavio,Xfer,4,10
29-08-2025,JuanO,Xfer,Flavio,Fish,8,10
29-08-2025,Vito,Theo,JuanO,Fish,10,4
29-08-2025,Theo,Vito,Flavio,Xfer,10,7
29-08-2025,Xfer,Theo,Vito,Flavio,5,10
29-08-2025,Theo,Flavio,Vito,Xfer,11,9
03-09-2025,Bardo,Theo,Vito,JuanO,10,3
03-09-2025,Theo,Vito,JuanO,Bardo,10,5
03-09-2025,Theo,Vito,Bardo,JuanO,10,4
03-09-2025,Theo,JuanO,Vito,Bardo,8,10
04-09-2025,Vito,Theo,JuanO,Bardo,10,0
04-09-2025,Vito,Theo,Bardo,JuanO,10,5
04-09-2025,JuanO,Vito,Theo,Bardo,4,10
04-09-2025,Theo,JuanO,Bardo,Vito,4,10
05-09-2025,Vito,Theo,JuanO,Luca,10,7
05-09-2025,Luca,JuanO,Theo,Vito,10,7
05-09-2025,Vito,Theo,Luca,JuanO,5,10
09-09-2025,Theo,Vito,Xfer,Michael,10,4
09-09-2025,Michael,Theo,Vito,Xfer,2,10
09-09-2025,Michael,Victor,JoshuaC,Bardo,10,5
09-09-2025,Xfer,Victor,Bardo,JoshuaC,13,11
09-09-2025,Vito,Michael,Theo,Xfer,8,10
09-09-2025,Theo,Michael,Xfer,Vito,3,10
10-09-2025,Theo,Bardo,Carsten,Guillermo,10,3
10-09-2025,Theo,Bardo,Vito,Seyda,10,7
10-09-2025,Guillermo,Carsten,Seyda,Vito,10,3
10-09-2025,Theo,Carsten,Bardo,Seyda,10,5
17-09-2025,Theo,Carsten,Bardo,JuanO,10,4
17-09-2025,JuanO,Theo,Carsten,Bardo,4,10
17-09-2025,JuanO,Bardo,Carsten,Theo,15,13
17-09-2025,Theo,Carsten,JuanO,Bardo,10,0
17-09-2025,Bardo,Theo,Carsten,JuanO,10,5
17-09-2025,JuanO,Bardo,Theo,Carsten,13,15
17-09-2025,JuanO,Carsten,Vito,Seyda,3,10
17-09-2025,Seyda,Vito,Carsten,JuanO,10,5
18-09-2025,JuanO,Vito,Theo,Carsten,8,10
19-09-2025,Luca,JuanO,Theo,Joshua,10,6
19-09-2025,Joshua,Theo,JuanO,Luca,10,7
19-09-2025,Luca,JuanO,Joshua,Theo,8,10
22-09-2025,Theo,Fish,AndreaV,JuanO,10,8
22-09-2025,JuanO,AndreaV,Fish,Theo,10,6
22-09-2025,Theo,Fish,JuanO,AndreaV,7,10
22-09-2025,AndreaV,JuanO,Fish,Theo,10,5
22-09-2025,JuanO,Bardo,Theo,Fish,2,10
22-09-2025,Xfer,Carsten,Theo,JuanO,10,4
22-09-2025,Fish,Theo,Bardo,JuanO,8,10
22-09-2025,Theo,Fish,Bardo,JuanO,10,7
24-09-2025,Carsten,AndreaV,Theo,Bardo,10,1
24-09-2025,Theo,Carsten,JuanO,AndreaV,8,10
24-09-2025,Seyda,AndreaV,Theo,Carsten,10,4
24-09-2025,JuanO,Carsten,Theo,Seyda,6,10
24-09-2025,Carsten,Seyda,AndreaV,JuanO,8,10
24-09-2025,JuanO,AndreaV,Seyda,Carsten,10,8
25-09-2025,Carsten,AndreaV,Theo,Bardo,9,11
25-09-2025,Bardo,Theo,AndreaV,Carsten,7,8
25-09-2025,AndreaV,Carsten,Theo,Bardo,10,8
26-09-2025,Theo,AndreaV,Vito,Carsten,10,4
26-09-2025,AndreaV,Seyda,Theo,Carsten,10,5
26-09-2025,Theo,AndreaV,Vito,Giacomo,10,8
26-09-2025,Seyda,PeterS,Bardo,Carsten,6,10
26-09-2025,Theo,PeterS,AndreaV,Vito,9,11
26-09-2025,Carsten,Bardo,Max,Emma,10,6
26-09-2025,Vito,Seyda,PeterS,Theo,14,12
29-09-2025,Theo,Carsten,JuanO,Mauritz,10,5
29-09-2025,Theo,JuanO,Seyda,Mauritz,8,10
29-09-2025,Theo,JuanO,Carsten,Seyda,13,11
29-09-2025,Mauritz,Seyda,JuanO,Theo,10,6
30-09-2025,Bardo,Vito,Luca,JuanO,7,10
30-09-2025,PeterS,Michael,JuanO,Luca,4,10
30-09-2025,Carsten,AndreaV,Vito,Bardo,5,10
30-09-2025,Theo,Michael,Luca,JuanO,8,10
30-09-2025,Vito,AndreaV,Giacomo,Seyda,10,8
30-09-2025,JuanO,Theo,Carsten,Seyda,7,10
30-09-2025,Seyda,Carsten,Theo,JuanO,7,10
30-09-2025,Theo,JuanO,Carsten,Seyda,10,7
01-10-2025,PeterS,Bardo,Xfer,Theo,10,6
01-10-2025,Theo,Xfer,Bardo,PeterS,15,13
01-10-2025,Vito,Carrie,Fish,Harry,9,11
02-10-2025,Theo,Vito,Carsten,Bardo,10,5
03-10-2025,Luca,JuanO,Rainer,Fish,11,9
03-10-2025,Fish,Rainer,JuanO,Luca,9,11
03-10-2025,Fish,Vito,JuanO,Carrie,10,2
03-10-2025,Carrie,JuanO,Vito,Fish,1,10
06-10-2025,Theo,Seyda,Ola,Leonardo,10,7
06-10-2025,Carsten,Xfer,Leonardo,Hillary,8,10
06-10-2025,Theo,Hillary,Seyda,Ola,10,6
06-10-2025,Carsten,Theo,Hillary,Xfer,10,5
07-10-2025,Theo,Xfer,Michael,Luca,4,10
07-10-2025,Luca,Michael,Theo,Xfer,10,7
07-10-2025,Guillermo,Jaber,Theo,PeterS,4,10
07-10-2025,Guillermo,Carsten,Xfer,DaeKyung,10,6
08-10-2025,Guillermo,JuanO,Fish,Vito,2,10
08-10-2025,Guillermo,Fish,Vito,JuanO,5,10
08-10-2025,JuanO,Vito,Fish,Bardo,10,6
08-10-2025,Bardo,Fish,Vito,JuanO,8,10
09-10-2025,Theo,Guillermo,Xfer,JuanO,12,10
09-10-2025,Theo,Xfer,JuanO,Vito,5,10
09-10-2025,Vito,JuanO,Xfer,Theo,7,10
09-10-2025,Xfer,Theo,JuanO,Vito,14,12
10-10-2025,JuanO,Luca,Theo,Xfer,7,10
10-10-2025,Xfer,Theo,Luca,JuanO,6,10
10-10-2025,Luca,JuanO,Theo,Xfer,10,2
10-10-2025,Xfer,Miguel,Vito,JuanO,7,10
10-10-2025,JuanO,Vito,Xfer,Miguel,11,9
10-10-2025,Vito,JuanO,Theo,Xfer,8,10
13-10-2025,Guillermo,Carsten,Xfer,Theo,8,10
13-10-2025,Theo,Xfer,Carsten,Guillermo,10,5
13-10-2025,Theo,Guillermo,Xfer,Carsten,10,6
13-10-2025,Carsten,Xfer,Guillermo,Theo,10,3
13-10-2025,Theo,Carsten,Guillermo,Xfer,10,4
14-10-2025,Theo,Carsten,Bardo,Xfer,5,10
14-10-2025,Xfer,Bardo,Carsten,Theo,7,10
14-10-2025,Carsten,Theo,Bardo,Xfer,10,12
14-10-2025,Xfer,Bardo,Theo,Carsten,6,10
15-10-2025,AndreaV,Hillary,Bardo,Giacomo,6,10
15-10-2025,AndreaV,Hillary,Bardo,Vito,5,10
15-10-2025,Vito,Hillary,AndreaV,Bardo,5,10
15-10-2025,Bardo,Fish,Theo,AndreaV,4,10
15-10-2025,AndreaV,Theo,Fish,Bardo,10,6
15-10-2025,Bardo,Theo,Fish,AndreaV,8,10
16-10-2025,Vito,Theo,Bardo,Hillary,10,1
16-10-2025,Bardo,Theo,Vito,Hillary,10,2
16-10-2025,Bardo,Theo,Hillary,Vito,10,1
16-10-2025,Bardo,Vito,Theo,Hillary,10,6
16-10-2025,Guillermo,PeterS,Carsten,Ola,10,3
16-10-2025,Carsten,PeterS,AndreaV,Ola,10,7
16-10-2025,Carsten,Ola,Guillermo,AndreaV,2,10
16-10-2025,Carsten,AndreaV,Theo,Guillermo,10,5
16-10-2025,Theo,Guillermo,AndreaV,Carsten,10,5
17-10-2025,Theo,PeterS,Carsten,Luca,3,10
17-10-2025,Vito,Theo,Carsten,Luca,2,10
17-10-2025,Luca,Carsten,Theo,Vito,10,3
17-10-2025,Carsten,Luca,Bardo,Fish,10,5
17-10-2025,Luca,Carsten,Fish,Bardo,10,6
17-10-2025,Theo,Luca,Carsten,Bardo,10,4
17-10-2025,Carsten,Fish,Vito,Theo,5,10
17-10-2025,Theo,Vito,Fish,Carsten,10,6
20-10-2025,Luca,JuanO,Carsten,Bardo,10,7
20-10-2025,JuanO,Luca,Bardo,Carsten,10,7
20-10-2025,Xfer,PeterS,Theo,Carsten,9,11
20-10-2025,Carsten,Theo,PeterS,Xfer,10,7
20-10-2025,PeterS,Xfer,Theo,Carsten,10,7
20-10-2025,Carsten,AndreaV,Theo,Xfer,10,7
20-10-2025,Xfer,Theo,AndreaV,Carsten,10,7
21-10-2025,Xfer,Luca,Carsten,Vito,10,3
21-10-2025,Luca,Xfer,Theo,Guillermo,11,9
21-10-2025,Xfer,Carsten,Guillermo,Theo,8,10
21-10-2025,Theo,Guillermo,Carsten,Xfer,6,10
22-10-2025,Carsten,Theo,AndreaV,Vito,4,10
22-10-2025,Vito,AndreaV,Theo,Carsten,11,13
22-10-2025,Theo,Carsten,AndreaV,Vito,6,10
22-10-2025,Vito,AndreaV,Carsten,Theo,10,4
22-10-2025,Carsten,AndreaV,Theo,Vito,10,3
22-10-2025,AndreaV,Carsten,Vito,Theo,10,3
22-10-2025,Theo,Xfer,JuanO,Vito,10,0
22-10-2025,Vito,JuanO,Xfer,Theo,2,10
22-10-2025,Elsa,Xfer,Theo,JuanO,10,8
22-10-2025,JuanO,Theo,Xfer,Elsa,5,10
22-10-2025,Fish,Theo,Elsa,JuanO,10,8
22-10-2025,Elsa,JuanO,Theo,Fish,2,10
22-10-2025,JuanO,Elsa,Theo,Fish,8,10
22-10-2025,Elsa,AndreaV,Fish,JuanO,10,2
22-10-2025,JuanO,AndreaV,Theo,Fish,4,10
22-10-2025,JuanO,AndreaV,Theo,Fish,13,11
22-10-2025,Theo,Fish,JuanO,AndreaV,10,7
22-10-2025,Vito,Theo,AndreaV,JuanO,10,3
23-10-2025,JuanO,Luca,Vito,Xfer,10,12
23-10-2025,Xfer,Theo,Bardo,Carsten,4,10
23-10-2025,Theo,Carsten,Bardo,Ola,13,11
24-10-2025,JuanO,Luca,Xfer,PeterS,7,10
24-10-2025,Luca,JuanO,Vito,Theo,12,10
24-10-2025,Carsten,Bardo,Theo,Xfer,10,6
24-10-2025,Xfer,Theo,Bardo,Carsten,11,9
27-10-2025,Xfer,Carsten,Bardo,Victor,10,8
27-10-2025,Bardo,Carsten,PeterS,Vito,11,9
27-10-2025,Vito,PeterS,Carsten,Bardo,10,8
27-10-2025,Theo,Guillermo,Bardo,Carsten,4,10
28-10-2025,Xfer,Theo,Vito,Carsten,10,12
28-10-2025,Carsten,Vito,Theo,Xfer,10,6
28-10-2025,Xfer,Carsten,Vito,Theo,12,14
29-10-2025,Bardo,Thomas,Vito,Victor,8,10
29-10-2025,Thomas,Victor,Bardo,Vito,1,10
29-10-2025,Victor,Bardo,Thomas,Vito,10,5
30-10-2025,Vito,Carsten,Xfer,Lisa,10,7
30-10-2025,Lisa,Vito,Carsten,Xfer,7,10
30-10-2025,Xfer,Vito,Carsten,Lisa,6,10
31-10-2025,Xfer,Michael,Carsten,Vito,5,10
31-10-2025,Vito,Michael,Carsten,Xfer,13,11
31-10-2025,Michael,Carsten,Xfer,Vito,2,10
03-11-2025,Carsten,Thomas,Bardo,Ola,9,11
04-11-2025,Theo,Seyda,Bardo,Leonardo,4,10
04-11-2025,Leonardo,Theo,Seyda,Bardo,10,1
05-11-2025,Theo,Michael,PeterS,Thomas,7,10
05-11-2025,Thomas,Peters,Michael,Theo,3,10
05-11-2025,PeterS,Thomas,Michael,Theo,17,15
06-11-2025,Leonardo,Theo,Carsten,AndreaV,10,8
06-11-2025,AndreaV,Carsten,Theo,Leonardo,10,6
06-11-2025,Leonardo,Theo,AndreaV,Carsten,4,10
06-11-2025,Carsten,AndreaV,Theo,Leonardo,8,10
06-11-2025,AndreaV,Carsten,Theo,Leonardo,6,10
07-11-2025,AndreaV,Guillermo,Carsten,Theo,10,7
07-11-2025,Leonardo,Carsten,AndreaV,Hillary,5,10
07-11-2025,Carsten,Leonardo,Theo,Hillary,10,7
07-11-2025,Carsten,Leonardo,Theo,AndreaV,4,10
07-11-2025,Theo,Carsten,AndreaV,Hillary,8,10
07-11-2025,Theo,Giacomo,Leonardo,AndreaV,7,10
07-11-2025,AndreaV,Leonardo,Giacomo,Theo,10,0
12-11-2025,Theo,Giacomo,AndreaV,Fish,10,5
12-11-2025,Giacomo,JuanO,Fish,AndreaV,5,10
12-11-2025,Theo,Fish,JuanO,AndreaV,10,6
12-11-2025,AndreaV,JuanO,Fish,Theo,10,8
12-11-2025,JuanO,AndreaV,Fish,Theo,3,10
12-11-2025,AndreaV,JuanO,Theo,Fish,10,5
12-11-2025,Theo,Fish,AndreaV,JuanO,12,10
13-11-2025,Michael,Xfer,Magda,AndreaV,8,10
13-11-2025,Xfer,Michael,AndreaV,Magda,10,6
13-11-2025,Theo,Xfer,Michael,AndreaV,10,6
13-11-2025,AndreaV,Michael,Xfer,Theo,6,10
17-11-2025,JuanO,Luca,Bardo,Thomas,10,7
17-11-2025,Thomas,Bardo,Luca,JuanO,2,10
18-11-2025,PeterS,Thomas,Theo,Vito,0,10
18-11-2025,Theo,Peters,Thomas,Vito,10,2
18-11-2025,Theo,Thomas,Vito,PeterS,8,10
18-11-2025,Thomas,Theo,Vito,Michael,5,10
18-11-2025,Michael,Theo,Vito,Thomas,6,10
18-11-2025,Thomas,Vito,Theo,Michael,6,10
20-11-2025,Theo,Thomas,Vito,Carsten,6,10
20-11-2025,Thomas,Carsten,Theo,Vito,1,10
20-11-2025,Thomas,Vito,Carsten,Theo,8,10
20-11-2025,Vito,Thomas,Theo,Carsten,10,8
20-11-2025,Carsten,Thomas,Theo,JuanO,6,10
21-11-2025,Vito,JuanO,Theo,Michael,8,10
21-11-2025,JuanO,Theo,Michael,Vito,6,10
21-11-2025,JuanO,Vito,Theo,Leonardo,4,10
21-11-2025,Leonardo,JuanO,Theo,AndreaV,2,10
21-11-2025,Vito,AndreaV,Giacomo,Leonardo,3,10
21-11-2025,Theo,AndreaV,Giacomo,Leonardo,8,10
21-11-2025,AndreaV,JuanO,Leonardo,Vito,10,7
21-11-2025,AndreaV,Vito,Theo,Leonardo,9,11
24-11-2025,Carsten,Valentina,JuanO,Guillermo,10,8
24-11-2025,Guillermo,JuanO,Valentina,Carsten,10,1
24-11-2025,Valentina,Carsten,Guillermo,JuanO,5,10
24-11-2025,JuanO,Guillermo,Valentina,Carsten,10,5
25-11-2025,Theo,Vito,Leonardo,Xfer,8,10
25-11-2025,Xfer,Leonardo,Vito,Theo,10,6
25-11-2025,Vito,Theo,Leonardo,Xfer,10,5
25-11-2025,Theo,Vito,Xfer,Leonardo,7,10
26-11-2025,Vito,Guillermo,Carsten,AndreaV,7,10
26-11-2025,AndreaV,Carsten,Guillermo,Vito,10,6
26-11-2025,Leonardo,Michael,AndreaV,Theo,7,10
26-11-2025,Theo,AndreaV,Michael,Leonardo,10,2
26-11-2025,Leonardo,Michael,Theo,AndreaV,3,10
26-11-2025,AndreaV,Michael,Theo,Leonardo,8,10
26-11-2025,Leonardo,AndreaV,Giacomo,Vito,10,4
26-11-2025,Vito,Giacomo,AndreaV,Leonardo,7,10
26-11-2025,Vito,Leonardo,Giacomo,AndreaV,3,10
26-11-2025,AndreaV,Giacomo,Leonardo,Vito,10,6
26-11-2025,Vito,JuanO,Michael,AndreaV,11,9
26-11-2025,AndreaV,Michael,JuanO,Vito,10,4
26-11-2025,Vito,JuanO,AndreaV,Michael,8,10
27-11-2025,Theo,Rafael,Thomas,AndreaV,10,2
27-11-2025,Theo,Vito,AndreaV,Thomas,10,5
27-11-2025,Thomas,Vito,Theo,AndreaV,0,10
27-11-2025,AndreaV,Theo,Vito,Thomas,10,6
28-11-2025,Giacomo,Theo,Leonardo,Xfer,14,16
28-11-2025,Leonardo,Michael,Theo,Giacomo,4,10
28-11-2025,Giacomo,Xfer,Theo,Michael,10,7
28-11-2025,Michael,Theo,Xfer,Giacomo,10,12
28-11-2025,Theo,Xfer,Vito,Thomas,10,8
01-12-2025,Guillermo,AndreaV,Carsten,Theo,11,9
01-12-2025,Theo,Carsten,AndreaV,Guillermo,10,12
02-12-2025,Luca,Xfer,Theo,AndreaV,11,9
02-12-2025,AndreaV,Theo,Xfer,Luca,5,10
02-12-2025,Bardo,Theo,Vito,Xfer,5,10
02-12-2025,Theo,Xfer,Thomas,Vito,10,2
02-12-2025,Vito,Thomas,Xfer,Theo,4,10
02-12-2025,Vito,Thomas,Theo,Xfer,5,10
03-12-2025,Theo,Thomas,Carsten,Xfer,10,7
03-12-2025,Xfer,Carsten,Thomas,Theo,10,4
03-12-2025,Theo,Thomas,Xfer,Carsten,5,10
03-12-2025,Theo,Thomas,Xfer,Carsten,10,12
04-12-2025,Thomas,AndreaV,Theo,Vito,1,10
04-12-2025,Vito,Theo,AndreaV,Thomas,14,12
04-12-2025,AndreaV,Thomas,Theo,Vito,8,10
04-12-2025,Vito,Theo,Thomas,AndreaV,8,10
04-12-2025,JuanO,AndreaV,Theo,Guillermo,5,10
04-12-2025,Guillermo,Theo,AndreaV,JuanO,8,10
05-12-2025,Theo,Jaber,Xfer,Bardo,5,10
05-12-2025,Theo,Vito,Bardo,Xfer,7,10
05-12-2025,Jaber,Vito,Theo,Xfer,7,10
05-12-2025,Xfer,Theo,Vito,Jaber,10,3
05-12-2025,Vito,Xfer,Theo,Jaber,10,5
05-12-2025,Theo,Vito,Xfer,Jaber,10,5
10-12-2025,Theo,Giacomo,Leonardo,Vito,11,9
10-12-2025,Leonardo,Thomas,Giacomo,Theo,5,10
11-12-2025,Carsten,Giulio,Guillermo,Theo,10,6
11-12-2025,Carsten,Vito,Theo,Guillermo,10,7
11-12-2025,Guillermo,Theo,Vito,Carsten,10,6
11-12-2025,Carsten,Vito,Guillermo,Theo,14,12
12-12-2025,Theo,Carsten,Guillermo,Vito,10,6
12-12-2025,Vito,Guillermo,Carsten,Theo,4,10
12-12-2025,Carsten,Theo,Guillermo,Vito,10,5
12-12-2025,Vito,Guillermo,Theo,Carsten,8,10
16-12-2025,Rainer,Carsten,Theo,Leonardo,9,11
16-12-2025,Leonardo,Theo,Carsten,Rainer,10,3
17-12-2025,Theo,Thomas,Guillermo,Carsten,10,7
17-12-2025,Carsten,Guillermo,Thomas,Theo,16,14
17-12-2025,Theo,Thomas,Carsten,Guillermo,10,8
17-12-2025,Guillermo,Carsten,Theo,Thomas,10,8
17-12-2025,Guillermo,Carsten,Thomas,Theo,10,2
17-12-2025,Seyda,Luca,Vito,Bombari,5,10
17-12-2025,Bombari,Vito,Luca,Seyda,4,10
17-12-2025,Luca,Seyda,Vito,Bombari,10,7
19-12-2025,Guillermo,Fish,Seyda,Theo,10,5
19-12-2025,Theo,Seyda,Fish,Guillermo,10,8
19-12-2025,Guillermo,Fish,Theo,Seyda,10,7
07-01-2026,Zachary,AndreaV,PeterS,Victor,2,10
07-01-2026,AndreaV,Victor,Theo,PeterS,6,10
07-01-2026,Victor,Theo,AndreaV,Zachary,10,3
09-01-2026,Theo,Zachary,Giacomo,Seyda,14,12
09-01-2026,Zachary,AndreaV,Giacomo,Theo,10,7
09-01-2026,Vito,Theo,Bardo,AndreaV,3,10
09-01-2026,AndreaV,Bardo,Theo,Vito,7,10
09-01-2026,Theo,Vito,Bardo,AndreaV,10,8
12-01-2026,Giacomo,AndreaV,Leonardo,Bardo,10,6
12-01-2026,Bardo,Leonardo,AndreaV,Giacomo,10,6
12-01-2026,Giacomo,AndreaV,Bardo,Leonardo,7,10
12-01-2026,Leonardo,Bardo,AndreaV,Giacomo,10,8
13-01-2026,Theo,Leonardo,AndreaV,Carsten,13,11
13-01-2026,Theo,Thomas,Carsten,Giacomo,10,8
14-01-2026,Theo,MaxH,JuanO,AndreaV,10,8
14-01-2026,MaxH,Theo,AndreaV,Michael,10,7
15-01-2026,Bardo,Victor,Vito,Thomas,10,7
15-01-2026,Victor,Theo,Bardo,PeterS,1,10
16-01-2026,PeterS,Miruna,JuanO,Vito,6,10
20-01-2026,Seyda,Mauritz,Diego,Leonardo,10,8
21-01-2026,Vittorio,Vito,AndreaV,Milena,8,10
23-01-2026,Giacomo,Vito,AndreaV,Theo,10,5
23-01-2026,JuanO,Vito,Theo,Giacomo,6,10
26-01-2026,Simone,Leonardo,Giacomo,AndreaV,10,12
26-01-2026,AndreaV,Giacomo,Leonardo,Simone,3,10
26-01-2026,Leonardo,Simone,Giacomo,AndreaV,11,9
26-01-2026,Carsten,AndreaV,Guillermo,Leonardo,10,5
26-01-2026,Leonardo,Guillermo,AndreaV,Carsten,10,7
26-01-2026,Leonardo,Guillermo,Carsten,AndreaV,5,10
26-01-2026,AndreaV,Carsten,Guillermo,Leonardo,10,5
26-01-2026,Giacomo,Simone,Theo,AndreaV,5,10
26-01-2026,AndreaV,Theo,Simone,Giacomo,4,10
27-01-2026,Guillermo,Carsten,Seyda,AndreaV,6,10
27-01-2026,AndreaV,Seyda,Carsten,Guillermo,14,12
27-01-2026,AndreaV,Seyda,Guillermo,Carsten,9,11
27-01-2026,Bardo,Theo,Leonardo,Thomas,10,6
27-01-2026,Thomas,Leonardo,Theo,Bardo,5,10
27-01-2026,AndreaV,Vito,Giacomo,Leonardo,10,5
27-01-2026,Leonardo,Giacomo,Vito,AndreaV,10,7
27-01-2026,AndreaV,Vito,Leonardo,Giacomo,6,10
27-01-2026,Theo,Vito,Seyda,AndreaV,10,3
27-01-2026,Vito,Leonardo,Theo,AndreaV,9,11
27-01-2026,AndreaV,Theo,Leonardo,Vito,7,10
28-01-2026,Vito,Luca,Leonardo,AndreaV,3,10
28-01-2026,AndreaV,Leonardo,Luca,Vito,3,10
28-01-2026,Luca,Vito,Leonardo,AndreaV,3,10
28-01-2026,Vito,Thomas,Bardo,PeterS,9,11
28-01-2026,Bardo,Thomas,PeterS,Carsten,10,7
30-01-2026,Bardo,Carsten,Thomas,AndreaV,7,10
30-01-2026,Carsten,Fish,AndreaV,Thomas,6,10
30-01-2026,Fish,AndreaV,Carsten,Vito,12,10
30-01-2026,Vito,Carsten,AndreaV,Fish,7,10
30-01-2026,Fish,AndreaV,Vito,Carsten,8,10
30-01-2026,Giacomo,Leonardo,Vito,Carsten,10,5
30-01-2026,Fish,AndreaV,Leonardo,Giacomo,10,6
30-01-2026,Giacomo,Leonardo,AndreaV,Fish,10,7
30-01-2026,Leonardo,Vito,Giacomo,AndreaV,12,10
30-01-2026,Simone,Giacomo,Leonardo,Vito,10,4
30-01-2026,Vito,Leonardo,Giacomo,Simone,6,10
30-01-2026,Giacomo,Leonardo,Vito,Simone,10,7
30-01-2026,Simone,Vito,Leonardo,Giacomo,10,8
30-01-2026,Giacomo,Leonardo,Simone,Vito,5,10
02-02-2026,Seyda,AndreaV,Giacomo,Xfer,10,7
02-02-2026,Xfer,AndreaV,Vito,Carsten,10,2
02-02-2026,Carsten,Vito,AndreaV,Xfer,4,10
02-02-2026,Carsten,Vito,Xfer,AndreaV,8,10
02-02-2026,Vito,Xfer,AndreaV,Carsten,10,6
